NARCISO+SOUZA+NOVELO,,YAXNIC,MERIDA
UTANAA+PAAL,,XCUNYA,MERIDA
K'AB+PAAL+(MANOS+DE+NIÑO),,TAMANCHE,MERIDA
PREESCOLAR+COMUNITARIO,,YAXCHE,MERIDA
LORENZO+DE+ZAVALA,,ONCAN,MERIDA
PREESCOLAR+COMUNITARIO,,HUNXECTAMAN,MERIDA
AGUSTIN+FRANCO+VILLANUEVA,,MERIDA,MERIDA
SOR+JUANA+INES+DE+LA+CRUZ,,MERIDA,MERIDA
AGORA+COMUNIDAD+EDUCATIVA,,MERIDA,MERIDA
INSTITUTO+MILITARIZADO+DEL+SURESTE,,MERIDA,MERIDA
CENTRO+EDUCATIVO+PIAGET+SODZIL,,MERIDA,MERIDA
PRIMARIA+IBERO,,MERIDA,MERIDA
MADISON+INTERNATIONAL+SCHOOL,,MERIDA,MERIDA
MIGUEL+JORGE,,COSGAYA,MERIDA
VICENTE+GUERRERO,,CHALMUCH,MERIDA
MIGUEL+HIDALGO+Y+COSTILLA,,CHEUMAN,MERIDA
PRIMARIA+COMUNITARIA,,DZIBILCHALTUN,MERIDA
IGNACIO+ALLENDE,,DZIDZILCHE,MERIDA
JUAN+MIGUEL+CASTRO,,DZOYAXCHE,MERIDA
BENITO+JUAREZ+GARCIA,,KIKTEIL,MERIDA
FRANCISCO+SARABIA,,NOC+AC,MERIDA
CANDELARIA+RUZ+PATRON,,PETAC,MERIDA
REDENCION,,SAC-NICTE,MERIDA
PRIMARIA+COMUNITARIA,,SAN+ANTONIO+HOOL,MERIDA
EMILIANO+ZAPATA,,SAN+PEDRO+CHIMAY,MERIDA
FRANCISCO+J.+MUJICA,,SANTA+CRUZ+PALOMEQUE,MERIDA
ZAMNA,,SANTA+MARIA+CHI,MERIDA
LAZARO+CARDENAS+DEL+RIO,,SIERRA+PAPACAL,MERIDA
JOSEFA+ORTIZ+DE+DOMINGUEZ,,SUSULA,MERIDA
PRIMARIA+COMUNITARIA,,SUYTUNCHEN,MERIDA
MIGUEL+HIDALGO+Y+COSTILLA,,TAHDZIBICHEN,MERIDA
GUADALUPE+VICTORIA,,TEMOZON+NORTE,MERIDA
SALVADOR+ALVARADO,,TIXCACAL,MERIDA
LUZ+Y+VERDAD,,TIXCUYTUN,MERIDA
EMILIANO+ZAPATA,,SAN+ANTONIO+TZACALA,MERIDA
ALVARO+OBREGON,,XCANATUN,MERIDA
MELCHOR+OCAMPO,,YAXNIC,MERIDA
EMILIANO+ZAPATA,,XCUNYA,MERIDA
NARCISO+MENDOZA,,TAMANCHE,MERIDA
PRIMARIA+COMUNITARIA,,YAXCHE,MERIDA
20+DE+NOVIEMBRE,,ONCAN,MERIDA
PRIMARIA+COMUNITARIA,,HUNXECTAMAN,MERIDA
COLEGIO+IBEROAMERICANO,,MERIDA,MERIDA
CENTRO+DE+ESTUDIOS+MERIDA,,MERIDA,MERIDA
COLEGIO+ANGELUS,,MERIDA,MERIDA
MADISON+INTERNATIONAL+SCHOOL,,MERIDA,MERIDA
FABIO+ESPINOSA+GRANADOS,,CHALMUCH,MERIDA
CENTRO+DE+EDUCACION+INTEGRAL+MONARCA,,CHOLUL,MERIDA
LUIS+ALVAREZ+BARRET,,DZITYA,MERIDA
SECUNDARIA+COMUNITARIA,,DZOYAXCHE,MERIDA
ESCUELA+SECUNDARIA+TECNICA+NUM.+40,,MOLAS,MERIDA
LEANDRO+VALLE,,SAN+PEDRO+CHIMAY,MERIDA
ANDRES+QUINTANA+ROO,,SIERRA+PAPACAL,MERIDA
SOR+JUANA+INES+DE+LA+CRUZ,,SITPACH,MERIDA
ANTONIO+MEDIZ+BOLIO,,SAN+ANTONIO+TZACALA,MERIDA
MANUEL+AMABILIS,,XCANATUN,MERIDA
JUAN+ALVAREZ,,XCUNYA,MERIDA
PREESCOLAR+COMUNITARIO,,TEKAT,MOCOCHA
PREESCOLAR+COMUNITARIO,,TOO,MOCOCHA
NIÑO+ARTILLERO,,TEKAT,MOCOCHA
5+DE+MAYO,,TOO,MOCOCHA
MUNCH'KAANBAL,,TIMUL,MOTUL
ALFREDO+NOBEL,,SACAPUC,MOTUL
PREESCOLAR+COMUNITARIO,,KOPTE,MOTUL
PREESCOLAR+COMUNITARIO,,KANCABCHEN,MOTUL
PREESCOLAR+COMUNITARIO,,KAMBUL,MOTUL
X-CH'EL,,MESATUNICH,MOTUL
SAK-NIKTE,,KAXATAH,MOTUL
PREESCOLAR+COMUNITARIO,,SAN+PEDRO+CAMARA,MOTUL
ZAC+MUTUL,,SAN+PEDRO+CHACABAL,MOTUL
CARMEN+SERDAN+ALATRISTE,,TANYA,MOTUL
PREESCOLAR+COMUNITARIO,,KANCABCHEN+UCI,MOTUL
PREESCOLAR+COMUNITARIO,,SAN+JOSE+HILI,MOTUL
PREESCOLAR+COMUNITARIO,,KANCABAL,MOTUL
PREESCOLAR+COMUNITARIO,,DZUNUNCAN,MOTUL
RAFAEL+MOGUEL+GAMBOA,,MOTUL+DE+CARRILLO+PUERTO,MOTUL
SALVADOR+ALVARADO,,TIMUL,MOTUL
JOAQUIN+PATRON+PENICHE,,SACAPUC,MOTUL
JOSE+MARIA+ITURRALDE+TRACONIS,,KOPTE,MOTUL
JOSE+MARIA+MORELOS+Y+PAVON,,KANCABCHEN,MOTUL
BENITO+JUAREZ+GARCIA,,KAMBUL,MOTUL
EDESIO+CARRILLO+PUERTO,,MESATUNICH,MOTUL
ALFONSO+TEC+BUENFIL,,KAXATAH,MOTUL
FELIPE+CARRILLO+PUERTO,,SAN+PEDRO+CAMARA,MOTUL
CRISTOBAL+COLON,,SAN+PEDRO+CHACABAL,MOTUL
JOSE+MARIA+ITURRALDE+TRACONIS,,TANYA,MOTUL
PRIMARIA+COMUNITARIA,,SANTA+TERESA,MOTUL
PRIMARIA+COMUNITARIA,,KANCABCHEN+UCI,MOTUL
PRIMARIA+COMUNITARIA,,KOMCHEN+MARTINEZ,MOTUL
MIGUEL+HIDALGO+Y+COSTILLA,,SAN+JOSE+HILI,MOTUL
CHICHEN+ITZA,,TIMUL,MOTUL
JOSE+VASCONCELOS,,SACAPUC,MOTUL
JOSE+DE+LA+LUZ+MENA+Y+ALCOCER,,KOPTE,MOTUL
SALVADOR+DIAZ+MIRON,,MESATUNICH,MOTUL
LUIS+ROSADO+VEGA,,SAN+PEDRO+CHACABAL,MOTUL
RAFAEL+RAMIREZ+CASTAÑEDA,,TANYA,MOTUL
PREESCOLAR+COMUNITARIO,,CHOYOB,MUNA
ESCUELA+COMUNITARIA+CONAFE,,SAN+JOSE+TIPCEH,MUNA
PREESCOLAR+COMUNITARIO,,YAXHA,MUNA
JOSE+MONTES+DE+OCA,,MUNA,MUNA
HERMENEGILDO+GALEANA,,SAN+JOSE+TIPCEH,MUNA
CARLOS+ARANA+MEDINA,,YAXHA,MUNA
PREESCOLAR+COMUNITARIO,,SAN+JUAN+KOOP,MUXUPIP
JUSTO+SIERRA+MENDEZ,,SAN+JUAN+KOOP,MUXUPIP
EMILIANO+ZAPATA,,OPICHEN,OPICHEN
JAIME+NUNO,,CALCEHTOK,OPICHEN
JOSE+EUGENIO+CHABLE,,CALCEHTOK,OPICHEN
LAZARO+CARDENAS+DEL+RIO,,CALCEHTOK,OPICHEN
NACHI+COCOM,,EMILIANO+ZAPATA,OXKUTZCAB
PREESCOLAR+COMUNITARIO,,EMILIANO+ZAPATA,OXKUTZCAB
PREESCOLAR+INDIGENA+PAEPI,,X-KOBENHALTUN,OXKUTZCAB
PREESCOLAR+INDIGENA+PAEPI,,SAHCAHMUCUY,OXKUTZCAB
PONCIANO+ARRIAGA,,XOHUAYAN,OXKUTZCAB
CUAUHTEMOC,,XUL,OXKUTZCAB
NETZAHUALCOYOTL,,YAXHACHEN,OXKUTZCAB
PREESCOLAR+INDIGENA+PAEPI,,BOMBAHALTUN,OXKUTZCAB
PREESCOLAR+COMUNITARIO,,SAN+ANTONIO+YAAXHOM,OXKUTZCAB
PREESCOLAR+COMUNITARIO,,SAN+SALVADOR,OXKUTZCAB
NIÑO+ARTILLERO,,OXKUTZCAB,OXKUTZCAB
ANTONIO+MEDIZ+BOLIO,,EMILIANO+ZAPATA,OXKUTZCAB
ESCUELA+CONAFE,,EMILIANO+ZAPATA,OXKUTZCAB
PRIMARIA+INDIGENA+PAEPI,,X-KOBENHALTUN,OXKUTZCAB
PRIMARIA+INDIGENA+PAEPI,,SAHCAHMUCUY,OXKUTZCAB
ANDRES+QUINTANA+ROO,,XOHUAYAN,OXKUTZCAB
MANUEL+ALCALA+MARTIN,,XUL,OXKUTZCAB
JUSTO+SIERRA+MENDEZ,,YAXHACHEN,OXKUTZCAB
PRIMARIA+INDIGENA+PAEPI,,BOMBAHALTUN,OXKUTZCAB
ESCUELA+COMUNITARIA+CONAFE,,SAN+ANTONIO+YAAXHOM,OXKUTZCAB
PRIMARIA+COMUNITARIA,,SAN+SALVADOR,OXKUTZCAB
SALVADOR+NOVO,,XOHUAYAN,OXKUTZCAB
IGNACIO+ALLENDE,,YAXHACHEN,OXKUTZCAB
SECUNDARIA+COMUNITARIA,,BOMBAHALTUN,OXKUTZCAB
SECUNDARIA+COMUNITARIA,,SAN+ANTONIO+YAAXHOM,OXKUTZCAB
AQUILES+SERDAN,,LOCHE,PANABA
PREESCOLAR+COMUNITARIO,,SAN+JUAN+DEL+RIO,PANABA
CECILIO+CHI,,CENOTE+YALSIHON+BUENA+FE,PANABA
PREESCOLAR+COMUNITARIO,,SAN+FRANCISCO,PANABA
PRIMARIA+COMUNITARIA,,SAN+JUAN+DEL+RIO,PANABA
EMILIANO+ZAPATA,,CENOTE+YALSIHON+BUENA+FE,PANABA
RICARDO+FLORES+MAGON,,SAN+FRANCISCO,PANABA
SECUNDARIA+COMUNITARIA,,SAN+JUAN+DEL+RIO,PANABA
PREESCOLAR+COMUNITARIO,,CHAN+CALOTMUL,PETO
CUITLAHUAC,,PAPACAL,PETO
NARCISO+BASSOLS,,SAN+DIONISIO,PETO
PREESCOLAR+COMUNITARIO,,SAN+SEBASTIAN,PETO
BENITO+JUAREZ+GARCIA,,TEMOZON,PETO
ANASTASIO+BUSTAMANTE,,TIXHUALATUN,PETO
PREESCOLAR+COMUNITARIO,,KAMBUL,PETO
ADOLFO+LOPEZ+MATEOS,,XOY,PETO
PREESCOLAR+COMUNITARIO,,X-PECHIL,PETO
MANUEL+AVILA+CAMACHO,,YAXCOPIL,PETO
PREESCOLAR+COMUNITARIO,,LA+ESPERANZA,PETO
ESCUELA+COMUNITARIA+CONAFE,,JUSTICIA+SOCIAL,PETO
PREESCOLAR+INDIGENA+PAEPI,,SAN+FRANCISCO,PETO
JARDIN+COMUNITARIO,,SAN+SEBASTIAN+YAXCHE,PETO
PRIMARIA+COMUNITARIA,,CHAN+CALOTMUL,PETO
LAZARO+CARDENAS+DEL+RIO,,DZONOTCHEL,PETO
IGNACIO+ZARAGOZA,,PAPACAL,PETO
SIMON+BOLIVAR,,PETULILLO,PETO
JUAN+ALDAMA,,PROGRESITO,PETO
IGNACIO+ALLENDE,,SAN+DIONISIO,PETO
PRIMARIA+COMUNITARIA,,SAN+SEBASTIAN,PETO
LEOPOLDO+AGUILAR+ROCA,,TEMOZON,PETO
FERNANDO+XIMELLO,,TIXHUALATUN,PETO
NIÑOS+HEROES,,KAMBUL,PETO
CRESCENCIO+REJON,,X-PECHIL,PETO
PRIMARIA+COMUNITARIA,,LA+ESPERANZA,PETO
JUSTICIA+SOCIAL,,JUSTICIA+SOCIAL,PETO
PRIMARIA+COMUNITARIA,,SAN+SEBASTIAN+YAXCHE,PETO
MANUEL+ANTONIO+AY,,PAPACAL,PETO
SECUNDARIA+COMUNITARIA,,PETULILLO,PETO
TELESECUNDARIA+NUM.+126,,PROGRESITO,PETO
SECUNDARIA+COMUNITARIA,,SAN+DIONISIO,PETO
MANUEL+ALCALA+MARTIN,,TIXHUALATUN,PETO
RUFINO+CHI+CANUL,,XOY,PETO
DZIBICHALTUN,,SAN+IGNACIO,PROGRESO
PREESCOLAR+COMUNITARIO,,EL+PARAISO,PROGRESO
AQUILES+SERDAN,,SAN+IGNACIO,PROGRESO
FELIPE+CARRILLO+PUERTO,,EL+PARAISO,PROGRESO
VENUSTIANO+CARRANZA,,CHELEM,PROGRESO
GUADALUPE+VICTORIA,,CHUBURNA,PROGRESO
NETZAHUALCOYOTL,,SAN+IGNACIO,PROGRESO
MARGARITA+MAZA+DE+JUAREZ,,LAS+COLORADAS,RIO+LAGARTOS
JARDIN+COMUNITARIO,,SAN+ANTONIO+SODZIL,SACALUM
PREESCOLAR+COMUNITARIO,,YUNKU,SACALUM
PREESCOLAR+COMUNITARIO,,PLAN+CHAC,SACALUM
JUSTO+SIERRA+MENDEZ,,SAN+ANTONIO+SODZIL,SACALUM
MIGUEL+HIDALGO+Y+COSTILLA,,YUNKU,SACALUM
SANTIAGO+PACHECO+CRUZ,,SAN+ANTONIO+SODZIL,SACALUM
EMILIO+PORTES+GIL,,KUCHEL,SAMAHIL
MANUEL+AVILA+CAMACHO,,SAN+ANTONIO+TEDZIDZ,SAMAHIL
SALVADOR+DIAZ+MIRON,,KUCHEL,SAMAHIL
LIBERTAD,,SAN+ANTONIO+TEDZIDZ,SAMAHIL
AQUILES+SERDAN,,KUCHEL,SAMAHIL
ESCUELA+SECUNDARIA+TECNICA+NUM.+48,,SAN+ANTONIO+TEDZIDZ,SAMAHIL
MARIA+MONTESSORI,,SAN+SIMON,SANTA+ELENA
18+DE+MARZO,,SAN+SIMON,SANTA+ELENA
VICENTE+GUERRERO,,SAN+SIMON,SANTA+ELENA
PREESCOLAR+COMUNITARIO,,SAN+BERNARDINO,SEYE
KUKUL+CAN,,HOLACTUN,SEYE
JUSTO+SIERRA+MENDEZ,,SEYE,SEYE
JOSE+MARIA+MORELOS+Y+PAVON,,SAN+BERNARDINO,SEYE
CARLOS+CASARES+PEREZ,,HOLACTUN,SEYE
ESCUELA+COMUNITARIA+CONAFE,,SAN+BERNARDINO,SEYE
AMPARO+CARRILLO,,HOLACTUN,SEYE
JAIME+TORRES+BODET,,SAN+CRISANTO,SINANCHE
BENITO+JUAREZ+GARCIA,,SAN+CRISANTO,SINANCHE
JOSE+DEMETRIO+RIVERO+NAVARRETE,,SAN+CRISANTO,SINANCHE
CECILIO+CHI,,TABI,SOTUTA
MARIA+MONTESSORI,,TIBOLON,SOTUTA
YAM+BEH,,ZAVALA,SOTUTA
JOSE+MARIA+MORELOS+Y+PAVON,,TABI,SOTUTA
LORENZO+DE+ZAVALA,,ZAVALA,SOTUTA
MAURO+MONFORTE+MENA,,SUCILA,SUCILA
PREESCOLAR+COMUNITARIO,,CHUMBEC,SUDZAL
PREESCOLAR+COMUNITARIO,,NUEVO+TZALAM,SUDZAL
FRANCISCO+I.+MADERO,,CHUMBEC,SUDZAL
PRIMARIA+COMUNITARIA,,KANCABCHEN+DE+VALENCIA,SUDZAL
PRIMARIA+COMUNITARIA,,NUEVO+TZALAM,SUDZAL
PREESCOLAR+INDIGENA+PAEPI,,TAHDZIU,TAHDZIU
PREESCOLAR+INDIGENA+PAEPI,,SAN+LORENZO,TAHDZIU
LEONA+VICARIO,,TIMUL,TAHDZIU
PREESCOLAR+INDIGENA+PAEPI,,SAN+ISIDRO+UNO,TAHDZIU
JUANA+DE+ASBAJE,,TAHDZIU,TAHDZIU
PRIMARIA+INDIGENA+PAEPI,,SAN+LORENZO,TAHDZIU
MIGUEL+HIDALGO+Y+COSTILLA,,TIMUL,TAHDZIU
PRIMARIA+INDIGENA+PAEPI,,SAN+ISIDRO+UNO,TAHDZIU
ESCUELA+TELESECUNDARIA,,TIMUL,TAHDZIU
PREESCOLAR+COMUNITARIO,,CHINKILA,TECOH
GUILLERMO+PRIETO,,ITZINCAB,TECOH
JACINTO+CANEK,,LEPAN,TECOH
CHICHEN+ITZA,,MAHZUCIL,TECOH
NIÑOS+HEROES,,OXTAPACAB,TECOH
FRANCISCO+I.+MADERO,,PIXYA,TECOH
PREESCOLAR+COMUNITARIO,,SABACCHE,TECOH
PREESCOLAR+COMUNITARIO,,SOTUTA+DE+PEON,TECOH
LOL+TUN,,X-KANCHAKAN,TECOH
PATRIA,,CHINKILA,TECOH
SALVADOR+ALVARADO,,ITZINCAB,TECOH
ELOISA+GUEMEZ+DE+E,,LEPAN,TECOH
FRANCISCO+SOLIS+CAMARA,,MAHZUCIL,TECOH
JUAN+BERZUNZA+GARCIA,,OXTAPACAB,TECOH
HEROES+DE+MEXICO,,PIXYA,TECOH
BENITO+JUAREZ+GARCIA,,SABACCHE,TECOH
JUSTO+SIERRA+MENDEZ,,SOTUTA+DE+PEON,TECOH
EMILIANO+ZAPATA,,X-KANCHAKAN,TECOH
VICENTE+SOLIS+CAMARA,,X-KANCHAKAN,TECOH
SECUNDARIA+COMUNITARIA,,CHINKILA,TECOH
MAYAPAN,,LEPAN,TECOH
JUAN+GARCIA+PONCE,,PIXYA,TECOH
FRANCISCO+I.+MADERO,,X-KANCHAKAN,TECOH
PREESCOLAR+COMUNITARIO,,SAN+DIEGO,TEKANTO
PREESCOLAR+COMUNITARIO,,SAN+FRANCISCO+DZON,TEKANTO
ESCUELA+COMUNITARIA+CONAFE,,TIXKOCHOH,TEKANTO
PRIMARIA+COMUNITARIA,,SAN+FRANCISCO+DZON,TEKANTO
SECUNDARIA+COMUNITARIA,,SAN+FRANCISCO+DZON,TEKANTO
FRANCISCO+VILLA,,CANEK,TEKAX
SALVADOR+ALVARADO,,MANUEL+CEPEDA+PERAZA,TEKAX
PREESCOLAR+INDIGENA+PAEPI,,CHACMULTUN,TEKAX
BENITO+JUAREZ+GARCIA,,ALFONSO+CASO,TEKAX
FRANCISCO+I.+MADERO,,KANCAB,TEKAX
ADOLFO+RUIZ+CORTINEZ,,KINIL,TEKAX
IGNACIO+ZARAGOZA,,PENCUYUT,TEKAX
PREESCOLAR+COMUNITARIO,,MAC-YAN+(SAN+ISIDRO+MAC-YAN),TEKAX
PREESCOLAR+COMUNITARIO,,NUEVA+SANTA+CRUZ+(SANTA+CRUZ+CUTZA),TEKAX
ANDRES+QUINTANA+ROO,,TIXCUYTUN,TEKAX
VICENTE+GUERRERO,,XAYA,TEKAX
PREESCOLAR+COMUNITARIO,,SAN+PEDRO+XTOKIL,TEKAX
PREESCOLAR+INDIGENA+PAEPI,,CHAN+DZINUP,TEKAX
PREESCOLAR+INDIGENA+PAEPI,,POCOBOCH,TEKAX
5+DE+MAYO,,BENITO+JUAREZ,TEKAX
PREESCOLAR+COMUNITARIO,,SAN+AGUSTIN+(SALVADOR+ALVARADO),TEKAX
PREESCOLAR+INDIGENA+PAEPI,,HOUITZ,TEKAX
IGNACIO+LOPEZ+RAYON,,HUNTOCHAC,TEKAX
PREESCOLAR+INDIGENA+PAEPI,,JOSE+LOPEZ+PORTILLO,TEKAX
DANIEL+AYALA+PEREZ,,KANTEMO,TEKAX
PREESCOLAR+COMUNITARIO,,SUDZAL+CHICO,TEKAX
PREESCOLAR+INDIGENA+PAEPI,,SAN+MARCOS,TEKAX
PREESCOLAR+COMUNITARIO+INDIGENA,,SAN+ANTONIO+TUK,TEKAX
PREESCOLAR+INDIGENA+PAEPI,,SAN+LUIS,TEKAX
NIÑOS+HEROES,,BECANCHEN,TEKAX
FELIPE+CARRILLO+PUERTO,,BECANCHEN,TEKAX
ANTONIO+GRANADOS+MALDONADO,,CANEK,TEKAX
ARTEMIO+ALPIZAR+RUZ,,MANUEL+CEPEDA+PERAZA,TEKAX
CALMECAC,,CHACMULTUN,TEKAX
BENITO+JUAREZ+GARCIA,,ALFONSO+CASO,TEKAX
SALVADOR+ALVARADO,,KANCAB,TEKAX
ENRIQUE+AVILA+VASQUEZ,,KANCAB,TEKAX
JOSE+MA+LUIS+MORA,,KINIL,TEKAX
MANUEL+GAMIO,,NOHALAL,TEKAX
JULIAN+M+CASTILLO,,PENCUYUT,TEKAX
PRIMARIA+INDIGENA+PAEPI,,SAN+FELIPE+SEGUNDO,TEKAX
PRIMARIA+COMUNITARIA,,MAC-YAN+(SAN+ISIDRO+MAC-YAN),TEKAX
MARIANO+MATAMOROS,,SAN+JUAN,TEKAX
ESCUELA+COMUNITARIA,,NUEVA+SANTA+CRUZ+(SANTA+CRUZ+CUTZA),TEKAX
ARTURO+ESCALANTE+GALERA,,TICUM,TEKAX
VICENTE+GUERRERO,,TIXCUYTUN,TEKAX
PRIMARIA+COMUNITARIA,,SAN+PEDRO+XTOKIL,TEKAX
VICENTE+GUERRERO,,CHAN+DZINUP,TEKAX
PRIMARIA+INDIGENA+PAEPI,,POCOBOCH,TEKAX
PRIMARIA+COMUNITARIA,,SAN+ISIDRO+YAXCHE,TEKAX
LAZARO+CARDENAS+DEL+RIO,,SAN+AGUSTIN+(SALVADOR+ALVARADO),TEKAX
PRIMARIA+COMUNITARIA,,SAN+PEDRO+DZULA,TEKAX
PRIMARIA+INDIGENA+PAEPI,,YALCOBA+NUEVO,TEKAX
PRIMARIA+INDIGENA+PAEPI,,HOUITZ,TEKAX
IGNACIO+ZARAGOZA,,HUNTOCHAC,TEKAX
PRIMARIA+INDIGENA+PAEPI,,JOSE+LOPEZ+PORTILLO,TEKAX
LAZARO+CARDENAS+DEL+RIO,,KANTEMO,TEKAX
NETZAHUALCOYOTL,,SUDZAL+CHICO,TEKAX
BENITO+JUAREZ+GARCIA,,SAN+MARCOS,TEKAX
PRIMARIA+COMUNITARIA+INDIGENA,,SAN+ANTONIO+TUK,TEKAX
PRIMARIA+INDIGENA+PAEPI,,SAN+LUIS,TEKAX
PRIMARIA+INDIGENA+PAEPI,,SAN+ISIDRO+DOS,TEKAX
NACHI-COCOM,,BECANCHEN,TEKAX
FERNANDO+MONTES+DE+OCA+RODRIGUEZ,,MANUEL+CEPEDA+PERAZA,TEKAX
SECUNDARIA+COMUNITARIA,,NOHALAL,TEKAX
SECUNDARIA+COMUNITARIA,,SAN+JUAN,TEKAX
JOSE+DIAZ+BOLIO,,TIXCUYTUN,TEKAX
JOSE+PEON+CONTRERAS,,XAYA,TEKAX
SECUNDARIA+COMUNITARIA,,SAN+ISIDRO+YAXCHE,TEKAX
FRANCISCO+MARQUEZ,,BENITO+JUAREZ,TEKAX
SECUNDARIA+COMUNITARIA,,SAN+AGUSTIN+(SALVADOR+ALVARADO),TEKAX
SECUNDARIA+COMUNITARIA,,SAN+PEDRO+DZULA,TEKAX
ELIGIO+MARIA+ANCONA+Y+CASTILLO,,HUNTOCHAC,TEKAX
ANTONIO+CANTO+LOPEZ,,KANTEMO,TEKAX
SECUNDARIA+COMUNITARIA,,SUDZAL+CHICO,TEKAX
EL+NIÑO+MAYA,,TEKOM,TEKOM
ESCUELA+COMUNITARIA+CONAFE,,CHIBILUB,TEKOM
PREESCOLAR+INDIGENA+PAEPI,,X-COCMIL,TEKOM
PREESCOLAR+INDIGENA+PAEPI,,POCBICHEN,TEKOM
PREESCOLAR+INDIGENA+PAEPI,,XUXCAB,TEKOM
GUILLERMO+PRIETO,,TEKOM,TEKOM
ANAHUAC,,CHIBILUB,TEKOM
ESCUELA+COMUNITARIA+CONAFE,,X-COCMIL,TEKOM
CRISTINA+MADERA+MARTINEZ,,POCBICHEN,TEKOM
PRIMARIA+INDIGENA+PAEPI,,XUXCAB,TEKOM
SECUNDARIA+COMUNITARIA,,CHIBILUB,TEKOM
PREESCOLAR+COMUNITARIO,,CHENCHE+DE+LAS+TORRES,TEMAX
PREESCOLAR+COMUNITARIO,,SAN+ANTONIO+CAMARA,TEMAX
12+DE+OCTUBRE,,CHENCHE+DE+LAS+TORRES,TEMAX
EMILIANO+ZAPATA,,SAN+ANTONIO+CAMARA,TEMAX
ALFONSO+CASO+ANDRADE,,ACTUNCOH,TEMOZON
JUAN+FRANCISCO+MOLINA+SOLIS,,DZALBAY,TEMOZON
BENITO+JUAREZ+GARCIA,,HUNUKU,TEMOZON
PREESCOLAR+INDIGENA+PAEPI,,X-KANCHECHEN,TEMOZON
LAZARO+CARDENAS+DEL+RIO,,NAHBALAM,TEMOZON
JUAN+PIO+PEREZ,,SANTA+RITA,TEMOZON
PREESCOLAR+INDIGENA+PAEPI,,X'TUT,TEMOZON
JACINTO+CANEK,,X-UCH,TEMOZON
ESCUELA+COMUNITARIA+CONAFE,,EKBALAM,TEMOZON
5+DE+FEBRERO,,YOKDZONOT+PRESENTADO,TEMOZON
ALFONSO+CASO+ANDRADE,,ACTUNCOH,TEMOZON
EMILIANO+ZAPATA,,DZALBAY,TEMOZON
BENITO+JUAREZ+GARCIA,,HUNUKU,TEMOZON
RITA+CETINA+GUTIERREZ,,HUNUKU,TEMOZON
PRIMARIA+INDIGENA+PAEPI,,X-KANCHECHEN,TEMOZON
GONZALO+GUERRERO,,KANTO,TEMOZON
LAZARO+CARDENAS+DEL+RIO,,NAHBALAM,TEMOZON
ESTADO+DE+CAMPECHE,,SANTA+RITA,TEMOZON
VICENTE+GUERRERO,,X'TUT,TEMOZON
JACINTO+PAT,,X-UCH,TEMOZON
ADOLFO+LOPEZ+MATEOS,,EKBALAM,TEMOZON
5+DE+FEBRERO,,YOKDZONOT+PRESENTADO,TEMOZON
ESCUELA+COMUNITARIA+CONAFE,,SAN+PEDRO+TZEC,TEMOZON
MOISES+SAENZ+GARZA,,ACTUNCOH,TEMOZON
ALFONSO+REYES,,DZALBAY,TEMOZON
JOSE+VASCONCELOS,,NAHBALAM,TEMOZON
FRIDA+KAHLO,,SANTA+RITA,TEMOZON
SECUNDARIA+COMUNITARIA,,X'TUT,TEMOZON
PABLO+MORENO+Y+TRIAY,,X-UCH,TEMOZON
JOSE+DE+LA+LUZ+MENA+Y+ALCOCER,,YOKDZONOT+PRESENTADO,TEMOZON
PREESCOLAR+COMUNITARIO,,KANTIRIX,TEPAKAN
CUAUHTEMOC,,KANTIRIX,TEPAKAN
20+DE+NOVIEMBRE,,NOHUAYUN,TETIZ
SERAPIO+RENDON,,NOHUAYUN,TETIZ
U+WAYAK'MEJEN+PALAL,,TICUL,TICUL
ROMULO+ROZO,,UNIDADES+DE+RIEGO,TICUL
ANTONIO+LOPEZ+DE+SANTA+ANA,,SUBINCANCAB,TIMUCUY
FEDERICO+FROEBEL,,TEKIK+DE+REGIL,TIMUCUY
PABLO+CANUL,,SUBINCANCAB,TIMUCUY
MANUEL+CEPEDA+PERAZA,,SUBINCANCAB,TIMUCUY
PREESCOLAR+INDIGENA+PAEPI,,LOOP+XUL,TINUM
PREESCOLAR+INDIGENA+PAEPI,,SAN+FELIPE,TINUM
JACINTO+CANEK,,SAN+FRANCISCO+GRANDE,TINUM
BANDERA+DE+MEXICO,,TOHOPKU,TINUM
JAIME+NUNO,,X-CALAKOOP,TINUM
PRIMARIA+INDIGENA+PAEPI,,LOOP+XUL,TINUM
PRIMARIA+INDIGENA+PAEPI,,SAN+FELIPE,TINUM
ANDRES+QUINTANA+ROO,,SAN+FRANCISCO+GRANDE,TINUM
VICENTE+GUERRERO,,TOHOPKU,TINUM
VENUSTIANO+CARRANZA,,X-CALAKOOP,TINUM
FERNANDO+MONTES+DE+OCA,,SAN+FRANCISCO+GRANDE,TINUM
JOSE+EMILIO+PACHECO,,TOHOPKU,TINUM
ENRIQUE+PESTALOZZI,,X-CALAKOOP,TINUM
CECILIO+CHI,,TIXCACALCUPUL,TIXCACALCUPUL
ATILANO+ALBERTOS,,EKPEDZ,TIXCACALCUPUL
5+DE+MAYO,,MAHAS,TIXCACALCUPUL
20+DE+NOVIEMBRE,,POOP,TIXCACALCUPUL
REVOLUCION,,X-TOHBIL,TIXCACALCUPUL
MIGUEL+HIDALGO+Y+COSTILLA,,SAN+JOSE,TIXCACALCUPUL
PRIMARIA+INDIGENA+PAEPI,,CAROLINA,TIXCACALCUPUL
ATILANO+ALBERTOS,,EKPEDZ,TIXCACALCUPUL
GREGORIO+TORRES+QUINTERO,,MAHAS,TIXCACALCUPUL
ESCUADRON+201,,POOP,TIXCACALCUPUL
JESUS+GARCIA,,X-TOHBIL,TIXCACALCUPUL
MIGUEL+HIDALGO+Y+COSTILLA,,SAN+JOSE,TIXCACALCUPUL
SECUNDARIA+COMUNITARIA,,CAROLINA,TIXCACALCUPUL
JUANA+DE+ASBAJE,,EKPEDZ,TIXCACALCUPUL
SECUNDARIA+COMUNITARIA,,X-TOHBIL,TIXCACALCUPUL
ADOLFO+LOPEZ+MATEOS,,SAN+JOSE,TIXCACALCUPUL
PREESCOLAR+COMUNITARIO,,SAN+ANTONIO+MILLET,TIXKOKOB
PREESCOLAR+COMUNITARIO,,HUBILA,TIXKOKOB
PREESCOLAR+COMUNITARIO,,RUINAS+DE+AKE,TIXKOKOB
HEROE+DE+NACOZARI,,SAN+ANTONIO+MILLET,TIXKOKOB
SALVADOR+DIAZ+MIRON,,EUAN,TIXKOKOB
IGNACIO+ZARAGOZA,,HUBILA,TIXKOKOB
MARTIRES+DE+CHICAGO,,RUINAS+DE+AKE,TIXKOKOB
MEXICO,,NOLO,TIXKOKOB
VASCO+DE+QUIROGA,,TIXMEHUAC,TIXMEHUAC
PREESCOLAR+INDIGENA+PAEPI,,CHALTUNPUHUY,TIXMEHUAC
MANUEL+GAMIO,,CHICAN,TIXMEHUAC
PREESCOLAR+INDIGENA+PAEPI,,DZUTOH,TIXMEHUAC
CUAUHTEMOC,,KIMBILA,TIXMEHUAC
JOSE+MARIA+PINO+SUAREZ,,SABACCHE,TIXMEHUAC
PREESCOLAR+INDIGENA+PAEPI,,SISBIC,TIXMEHUAC
JULIO+DE+LA+FUENTE,,TIXMEHUAC,TIXMEHUAC
PRIMARIA+INDIGENA+PAEPI,,CHALTUNPUHUY,TIXMEHUAC
VICTOR+M+FLORES,,CHICAN,TIXMEHUAC
ESTADO+DE+CAMPECHE,,DZUTOH,TIXMEHUAC
TIBURCIO+FLOTA+PEREZ,,KIMBILA,TIXMEHUAC
ALBINO+J+LOPE,,SABACCHE,TIXMEHUAC
NICOLAS+BRAVO,,SISBIC,TIXMEHUAC
PLAN+DE+AYALA,,CHICAN,TIXMEHUAC
BEATRIZ+PENICHE+BARRERA,,KIMBILA,TIXMEHUAC
VICTOR+MANUEL+CERVERA+PACHECO,,SABACCHE,TIXMEHUAC
PRIMAVERA,,CHOCHOH,TIXPEHUAL
PREESCOLAR+COMUNITARIO,,KILINCHE,TIXPEHUAL
MARIA+MONTESSORI,,SAHE,TIXPEHUAL
PREESCOLAR+COMUNITARIO,,TECHOH,TIXPEHUAL
PREESCOLAR+COMUNITARIO,,CUCA,TIXPEHUAL
18+DE+MARZO,,CHOCHOH,TIXPEHUAL
12+DE+OCTUBRE,,KILINCHE,TIXPEHUAL
5+DE+FEBRERO,,SAHE,TIXPEHUAL
16+DE+SEPTIEMBRE,,TECHOH,TIXPEHUAL
PRIMARIA+COMUNITARIA,,CUCA,TIXPEHUAL
PREESCOLAR+COMUNITARIO,,CENOTE+AZUL,TIZIMIN
ALFREDO+MEDINA+VIDIELLA,,COLONIA+YUCATAN,TIZIMIN
JUAN+DE+LA+BARRERA,,EL+CUYO,TIZIMIN
MELCHOR+OCAMPO,,CHAN+SAN+ANTONIO,TIZIMIN
PREESCOLAR+COMUNITARIO,,CHENKEKEN,TIZIMIN
IGNACIO+ZARAGOZA,,DZONOT+AKE,TIZIMIN
PREESCOLAR+COMUNITARIO,,DZONOT+BOX,TIZIMIN
FELIPE+CARRILLO+PUERTO,,DZONOT+CARRETERO,TIZIMIN
PREESCOLAR+COMUNITARIO,,DZONOT+MEZO,TIZIMIN
PREESCOLAR+COMUNITARIO,,DZONOT+TIGRE,TIZIMIN
PREESCOLAR+COMUNITARIO,,EL+EDEN+(YAXIC),TIZIMIN
PREESCOLAR+COMUNITARIO,,KIKIL,TIZIMIN
PREESCOLAR+COMUNITARIO,,LA+LIBERTAD,TIZIMIN
MANUEL+CEPEDA+PERAZA,,MANUEL+CEPEDA+PERAZA,TIZIMIN
PREESCOLAR+COMUNITARIO,,MOCTEZUMA,TIZIMIN
PREESCOLAR+COMUNITARIO,,X-PANHATORO,TIZIMIN
ANTONIO+MEDIZ+BOLIO,,POPOLNAH,TIZIMIN
PREESCOLAR+COMUNITARIO,,SAMARIA,TIZIMIN
PREESCOLAR+COMUNITARIO,,SAN+ISIDRO+KILOMETRO+CATORCE+(SAN+ISIDRO),TIZIMIN
PREESCOLAR+COMUNITARIO,,SAN+LORENZO+CHIQUILA,TIZIMIN
PREESCOLAR+COMUNITARIO,,SAN+LUIS+TZUCTUK,TIZIMIN
PREESCOLAR+COMUNITARIO,,KALAX+YOKDZONOT,TIZIMIN
PREESCOLAR+COMUNITARIO,,SAN+PEDRO+JUAREZ,TIZIMIN
PREESCOLAR+COMUNITARIO,,SANTA+CLARA+DZIBALKU,TIZIMIN
ESCUELA+CONAFE,,SANTA+ELENA,TIZIMIN
ZAMNA,,SANTA+ROSA,TIZIMIN
RAMON+ISAAC+ALDANA+DEL+PUERTO,,LA+SIERRA,TIZIMIN
DAVID+VIVAS+ROMERO,,SUCOPO,TIZIMIN
PREESCOLAR+COMUNITARIO,,NUEVO+TEZOCO,TIZIMIN
FRANCISCO+I.+MADERO,,TIXCANCAL,TIZIMIN
PREESCOLAR+COMUNITARIO,,X-MAKULAN,TIZIMIN
PREESCOLAR+COMUNITARIO,,YAXCHEKU,TIZIMIN
ESCUELA+COMUNITARIA+CONAFE,,YOHACTUN+DE+HIDALGO,TIZIMIN
PREESCOLAR+INDIGENA+PAEPI,,SAN+ISIDRO+KANCABDZONOT,TIZIMIN
MEJEN+XOOKO'OB,,SAN+ANDRES,TIZIMIN
AGUSTIN+MELGAR,,SAN+MANUEL+KILOMETRO+ONCE,TIZIMIN
PREESCOLAR+COMUNITARIO,,SAN+PEDRO+BACAB,TIZIMIN
PREESCOLAR+COMUNITARIO,,LUIS+ROSADO+VEGA,TIZIMIN
PREESCOLAR+COMUNITARIO,,FELIPE+CARRILLO+PUERTO+NUMERO+UNO,TIZIMIN
PREESCOLAR+COMUNITARIO,,EL+ALAMO,TIZIMIN
PREESCOLAR+INDIGENA+PAEPI,,SAN+JOSE+MONTECRISTO,TIZIMIN
PREESCOLAR+COMUNITARIO,,DZIBALKU,TIZIMIN
PREESCOLAR+COMUNITARIO,,SANTA+PILAR,TIZIMIN
PREESCOLAR+COMUNITARIO,,SANTA+ANA,TIZIMIN
PREESCOLAR+COMUNITARIO,,KABICHEN,TIZIMIN
PREESCOLAR+COMUNITARIO,,CHAN+TRES+REYES,TIZIMIN
LAZARO+CARDENAS+DEL+RIO,,CHAN+CENOTE,TIZIMIN
PREESCOLAR+COMUNITARIO,,SAN+JOSE,TIZIMIN
PREESCOLAR+COMUNITARIO,,YOACTUN,TIZIMIN
PRIMARIA+COMUNITARIA+INDIGENA,,XBOHOM,TIZIMIN
MANUEL+CEPEDA+PERAZA,,CENOTE+AZUL,TIZIMIN
MELCHOR+OCAMPO,,CHAN+SAN+ANTONIO,TIZIMIN
LUIS+DONALDO+COLOSIO+MURRIETA,,CHENKEKEN,TIZIMIN
ESCUELA+COMUNITARIA+CONAFE,,DZONOT+BOX,TIZIMIN
5+DE+FEBRERO,,DZONOT+CARRETERO,TIZIMIN
GUADALUPE+VICTORIA,,DZONOT+MEZO,TIZIMIN
ESCUELA+CONAFE,,DZONOT+TIGRE,TIZIMIN
MANUEL+ANTONIO+AY,,EL+EDEN+(YAXIC),TIZIMIN
BENITO+JUAREZ+GARCIA,,KIKIL,TIZIMIN
PRIMARIA+COMUNITARIA,,LA+LIBERTAD,TIZIMIN
MIGUEL+HIDALGO+Y+COSTILLA,,MANUEL+CEPEDA+PERAZA,TIZIMIN
ANDRES+QUINTANA+ROO,,MOCTEZUMA,TIZIMIN
SALVADOR+ALVARADO,,X-PANHATORO,TIZIMIN
ADOLFO+LOPEZ+MATEOS,,POPOLNAH,TIZIMIN
PRIMARIA+COMUNITARIA,,SAMARIA,TIZIMIN
LEOPOLDO+AGUILAR+ROCA,,SAN+FRANCISCO+YOHACTUN,TIZIMIN
JOSE+ENRIQUE+RODO,,SAN+ISIDRO+KILOMETRO+CATORCE+(SAN+ISIDRO),TIZIMIN
JOSEFA+ORTIZ+DE+DOMINGUEZ,,SAN+LORENZO+CHIQUILA,TIZIMIN
ANTONIO+MEDIZ+BOLIO,,SAN+LUIS+TZUCTUK,TIZIMIN
PRIMARIA+COMUNITARIA,,KALAX+YOKDZONOT,TIZIMIN
LUGERMILO+LARA+Y+LARA,,SAN+PEDRO+JUAREZ,TIZIMIN
MIGUEL+HIDALGO+Y+COSTILLA,,SANTA+CLARA+DZIBALKU,TIZIMIN
PRIMARIA+COMUNITARIA,,SANTA+ELENA,TIZIMIN
VENUSTIANO+CARRANZA,,SANTA+ROSA,TIZIMIN
SANTIAGO+HERRERA+CASTILLO,,SANTA+ROSA+CONCEPCION,TIZIMIN
NIÑOS+HEROES,,LA+SIERRA,TIZIMIN
DAVID+VIVAS+ROMERO,,SUCOPO,TIZIMIN
TUUNBEN+KA'ANBESAJ,,NUEVO+TEZOCO,TIZIMIN
PRIMARIA+COMUNITARIA,,X-MAKULAN,TIZIMIN
JOSE+MARIA+MORELOS+Y+PAVON,,YAXCHEKU,TIZIMIN
MIGUEL+HIDALGO+Y+COSTILLA,,YOHACTUN+DE+HIDALGO,TIZIMIN
PRIMARIA+INDIGENA+PAEPI,,SAN+ISIDRO+KANCABDZONOT,TIZIMIN
RICARDO+FLORES+MAGON,,SAN+ANDRES,TIZIMIN
JUAN+CRISOSTOMO+CANO+Y+CANO,,SAN+MANUEL+KILOMETRO+ONCE,TIZIMIN
JUAN+ESCUTIA,,SAN+PEDRO+BACAB,TIZIMIN
JUAN+PACHECO+TORRES,,LUIS+ROSADO+VEGA,TIZIMIN
PRIMARIA+COMUNITARIA,,EL+ALAMO,TIZIMIN
PABLO+GONZALEZ+CASANOVA,,SAN+JOSE+MONTECRISTO,TIZIMIN
BENITO+JUAREZ+GARCIA,,DZIBALKU,TIZIMIN
CRISTOBAL+COLON,,SANTA+MARIA,TIZIMIN
ANDRES+QUINTANA+ROO,,SAN+JUAN+KILOMETRO+CUATRO,TIZIMIN
CUAUHTEMOC,,SANTA+ANA,TIZIMIN
FELIPE+CARRILLO+PUERTO,,KABICHEN,TIZIMIN
JOSE+MARIA+MORELOS+Y+PAVON,,CHAN+TRES+REYES,TIZIMIN
DAMIAN+CARMONA,,CHAN+CENOTE,TIZIMIN
ESTADO+DE+YUCATAN,,CHAN+CENOTE,TIZIMIN
MANUEL+VARGAS+AYUSO,,SAN+JOSE,TIZIMIN
MIGUEL+HIDALGO+Y+COSTILLA,,EL+CUYO,TIZIMIN
CONSUELO+ZAVALA+CASTILLO,,CHAN+SAN+ANTONIO,TIZIMIN
SECUNDARIA+COMUNITARIA,,CHENKEKEN,TIZIMIN
IGNACIO+RAMIREZ,,DZONOT+CARRETERO,TIZIMIN
ARTEMIO+ALPIZAR+RUZ,,EL+EDEN+(YAXIC),TIZIMIN
SECUNDARIA+COMUNITARIA,,LA+LIBERTAD,TIZIMIN
JUAN+RIVERO+GUTIERREZ,,MOCTEZUMA,TIZIMIN
SECUNDARIA+COMUNITARIA,,X-PANHATORO,TIZIMIN
SECUNDARIA+COMUNITARIA,,SAN+ISIDRO+KILOMETRO+CATORCE+(SAN+ISIDRO),TIZIMIN
SECUNDARIA+COMUNITARIA,,SANTA+CLARA+DZIBALKU,TIZIMIN
HEROE+DE+NACOZARI,,SUCOPO,TIZIMIN
SECUNDARIA+COMUNITARIA,,NUEVO+TEZOCO,TIZIMIN
SECUNDARIA+COMUNITARIA,,YAXCHEKU,TIZIMIN
RAQUEL+DZIB+CICERO,,YOHACTUN+DE+HIDALGO,TIZIMIN
SECUNDARIA+COMUNITARIA,,SAN+MANUEL+KILOMETRO+ONCE,TIZIMIN
SECUNDARIA+COMUNITARIA,,SAN+PEDRO+BACAB,TIZIMIN
SECUNDARIA+COMUNITARIA,,DZIBALKU,TIZIMIN
SECUNDARIA+COMUNITARIA,,SANTA+PILAR,TIZIMIN
CARLOS+MONSIVAIS+ACEVES,,SANTA+ROSA+Y+ANEXAS,TIZIMIN
SECUNDARIA+COMUNITARIA,,TRASCORRAL,TIZIMIN
SECUNDARIA+COMUNITARIA,,SANTA+ANA,TIZIMIN
SECUNDARIA+COMUNITARIA,,KABICHEN,TIZIMIN
PREESCOLAR+COMUNITARIO,,SAN+JOSE+PIBTUCH,TUNKAS
PREESCOLAR+COMUNITARIO,,SAN+ANTONIO+CHUC,TUNKAS
PREESCOLAR+COMUNITARIO,,ONICHEN,TUNKAS
EMILIANO+ZAPATA,,SAN+JOSE+PIBTUCH,TUNKAS
PRIMARIA+COMUNITARIA,,ONICHEN,TUNKAS
CARLOS+A.+CARRILLO,,SAN+ANTONIO+CHUC,TUNKAS
PEDRO+MARIA+ANAYA,,TZUCACAB,TZUCACAB
GUADALUPE+VICTORIA,,TZUCACAB,TZUCACAB
CINCO+DE+FEBRERO,,TZUCACAB,TZUCACAB
JUAN+DE+LA+BARRERA,,CATMIS,TZUCACAB
PEDRO+MARIA+ANAYA,,CAXAYTUK,TZUCACAB
NIÑOS+HEROES,,CORRAL,TZUCACAB
FRANCISCO+JAVIER+MINA,,EK-BALAM,TZUCACAB
ELIGIO+ANCONA,,NOH-BEC,TZUCACAB
PREESCOLAR+COMUNITARIO,,SAN+SALVADOR+PISTE+AKAL,TZUCACAB
PREESCOLAR+COMUNITARIO,,POLHUACXIL,TZUCACAB
PREESCOLAR+COMUNITARIO,,TIGRE+GRANDE,TZUCACAB
PREESCOLAR+COMUNITARIO,,JUNTURA+UNO,TZUCACAB
1+DE+MAYO,,TZUCACAB,TZUCACAB
GUSTAVO+DIAZ+ORDAZ,,CATMIS,TZUCACAB
MELCHOR+OCAMPO,,CAXAYTUK,TZUCACAB
ALVARO+OBREGON,,CORRAL,TZUCACAB
MIGUEL+HIDALGO+Y+COSTILLA,,EK-BALAM,TZUCACAB
ANTONIO+MEDIZ+BOLIO,,NOH-BEC,TZUCACAB
JUSTO+SIERRA+MENDEZ,,SAN+SALVADOR+PISTE+AKAL,TZUCACAB
JOSE+MARIA+MORELOS+Y+PAVON,,POLHUACXIL,TZUCACAB
MARIA+LOMBARDO+DE+CASO,,SACBECAN,TZUCACAB
ANTONIO+CASO+ANDRADE,,TIGRE+GRANDE,TZUCACAB
5+DE+FEBRERO,,XCOBIAKAL+(XCOBILAKAL),TZUCACAB
RAFAEL+RAMIREZ+CASTAÑEDA,,EL+ESCONDIDO,TZUCACAB
PRIMARIA+COMUNITARIA,,BLANCA+FLOR,TZUCACAB
PRIMARIA+COMUNITARIA,,JUNTURA+UNO,TZUCACAB
ESCUELA+SECUNDARIA+TECNICA+NUM.+64,,CATMIS,TZUCACAB
IGNACIO+MANUEL+ALTAMIRANO,,CORRAL,TZUCACAB
NUEVA+CREACION,,EK-BALAM,TZUCACAB
VICENTE+SUAREZ,,NOH-BEC,TZUCACAB
SECUNDARIA+COMUNITARIA,,SAN+SALVADOR+PISTE+AKAL,TZUCACAB
SECUNDARIA+COMUNITARIA,,TIGRE+GRANDE,TZUCACAB
JUAN+CUPUL,,SANTA+MARIA+AZNAR,UAYMA
MIGUEL+HIDALGO+Y+COSTILLA,,UAYMA,UAYMA
FELIPE+ELOY+ALCOCER+CORONADO,,UAYMA,UAYMA
EMILIANO+ZAPATA,,SANTA+MARIA+AZNAR,UAYMA
ESCUELA+COMUNITARIA+CONAFE,,SAN+LORENZO,UAYMA
ESCUELA+TELESECUNDARIA,,SANTA+MARIA+AZNAR,UAYMA
NETZAHUALCOYOTL,,UCU,UCU
JACINTO+PAT,,YAXCHE+DE+PEON,UCU
JOSE+MARIA+MORELOS+Y+PAVON,,YAXCHE+DE+PEON,UCU
JOSE+VASCONCELOS,,UMAN,UMAN
CECILIO+CHI,,BOLON,UMAN
VALENTIN+GOMEZ+FARIAS,,DZIBIKAK,UMAN
PREESCOLAR+COMUNITARIO,,HOTZUC,UMAN
FRANCISCO+J.+MUJICA,,OXCUM,UMAN
MARGARITA+MAZA+DE+JUAREZ,,OXHOLON,UMAN
MELCHOR+OCAMPO,,POXILA,UMAN
LAZARO+CARDENAS+DEL+RIO,,SAN+ANTONIO+CHUM,UMAN
PREESCOLAR+COMUNITARIO,,SAN+ANTONIO+MULIX,UMAN
JUAN+DE+DIOS+PEZA,,TANIL,UMAN
PREESCOLAR+COMUNITARIO,,TEBEC,UMAN
JOSE+MARIA+ITURRALDE+TRACONIS,,TICIMUL,UMAN
IN+YAAX+KAAMBAL,,XCUCUL+SUR,UMAN
FRANCISCO+GONZALEZ+BOCANEGRA,,XTEPEN,UMAN
JUANA+INES+DE+LA+CRUZ,,YAXCOPOIL,UMAN
PREESCOLAR+COMUNITARIO,,PETEC+BILTUN,UMAN
PREESCOLAR+COMUNITARIO,,SANTA+BARBARA+I,UMAN
MEXICO,,UMAN,UMAN
CRISTOBAL+COLON,,HOTZUC,UMAN
CUAUHTEMOC,,HUNXECTAMAN,UMAN
VICENTE+GUERRERO,,OXCUM,UMAN
SOR+JUANA+INES+DE+LA+CRUZ,,POXILA,UMAN
MIGUEL+HIDALGO+Y+COSTILLA,,SAN+ANTONIO+CHUM,UMAN
PRIMARIA+COMUNITARIA,,SAN+ANTONIO+MULIX,UMAN
VICENTE+GUERRERO,,TANIL,UMAN
NACHI+COCOM,,TEBEC,UMAN
1+DE+MAYO,,TICIMUL,UMAN
LAZARO+CARDENAS+DEL+RIO,,XCUCUL+SUR,UMAN
MIGUEL+HIDALGO+Y+COSTILLA,,XTEPEN,UMAN
PEDRO+DE+GANTE,,PETEC+BILTUN,UMAN
JOSE+GONZALEZ+BOCANEGRA,,BOLON,UMAN
TIERRA+Y+LIBERTAD,,DZIBIKAK,UMAN
JUAN+ESCUTIA,,OXCUM,UMAN
NIÑOS+HEROES,,OXHOLON,UMAN
RAMON+LOPEZ+VELARDE,,POXILA,UMAN
FRANCISCO+JAVIER+MINA,,SAN+ANTONIO+CHUM,UMAN
ALFONSO+VILLA+ROJAS,,TEBEC,UMAN
QUETZALCOATL,,TICIMUL,UMAN
LOS+MAYAS,,XTEPEN,UMAN
HISPANO+MEXICANO+DEL+SURESTE,,VALLADOLID,VALLADOLID
20+DE+NOVIEMBRE,,DZITNUP,VALLADOLID
24+DE+FEBRERO,,EBTUN,VALLADOLID
JOSE+MARIA+ITURRALDE+TRACONIS,,KANXOC,VALLADOLID
PREESCOLAR+INDIGENA+PAEPI,,KOOPCHEN,VALLADOLID
PREESCOLAR+INDIGENA+PAEPI,,NOHSUYTUN,VALLADOLID
RAFAEL+CHAZARO+PEREZ,,PIXOY,VALLADOLID
CECILIO+CHI,,POPOLA,VALLADOLID
JACINTO+CANEK,,POPOLA,VALLADOLID
PREESCOLAR+INDIGENA+PAEPI,,SAN+ANDRES+X-BAC,VALLADOLID
PREESCOLAR+INDIGENA+PAEPI,,SANTA+ROSA,VALLADOLID
ADOLFO+CISNEROS+CAMARA,,TAHMUY,VALLADOLID
JOSE+MARIA+MORELOS+Y+PAVON,,TESOCO,VALLADOLID
FRANCISCO+I.+MADERO,,TIKUCH,VALLADOLID
JOSE+DE+SAN+MARTIN,,TIXHUALACTUN,VALLADOLID
PREESCOLAR+INDIGENA+PAEPI,,X-COHUO,VALLADOLID
ANTONIO+MEDIZ+BOLIO,,XOCEN,VALLADOLID
NIÑOS+HEROES,,XUILUB,VALLADOLID
SOR+JUANA+INES+DE+LA+CRUZ,,YALCOBA,VALLADOLID
PREESCOLAR+COMUNITARIO,,YALCON,VALLADOLID
PREESCOLAR+INDIGENA+PAEPI,,SAN+ANTONIO,VALLADOLID
PREESCOLAR+INDIGENA+PAEPI,,YOKDZONOT+DOS,VALLADOLID
ESCUELA+COMUNITARIA+CONAFE,,CHAN+YOKDZONOT,VALLADOLID
PREESCOLAR+INDIGENA+PAEPI,,CHAMUL,VALLADOLID
PREESCOLAR+INDIGENA+PAEPI,,SAN+ISIDRO,VALLADOLID
PREESCOLAR+INDIGENA+PAEPI,,SAN+PEDRO+SULA,VALLADOLID
PREESCOLAR+COMUNITARIO+INDIGENA,,X-BACAB,VALLADOLID
ESCUELA+COMUNITARIA+CONAFE,,SAN+ANDRES+KAMPOCOLCHE,VALLADOLID
ESCUELA+COMUNITARIA+CONAFE,,X-BATUN,VALLADOLID
PREESCOLAR+INDIGENA+PAEPI,,ZODZILCHEN,VALLADOLID
PREESCOLAR+INDIGENA+PAEPI,,TEPAKAN,VALLADOLID
U+NAJIL+BAAXAL+KAANBAL,,BOLMAY,VALLADOLID
ESCUELA+CONAFE,,SANTA+ELEUTERIA,VALLADOLID
PREESCOLAR+INDIGENA+PAEPI,,YAAX-HAL,VALLADOLID
PRIMARIA+INDIGENA+PAEPI,,DZIBIL,VALLADOLID
JOSE+MARIA+MORELOS+Y+PAVON,,EBTUN,VALLADOLID
PRIMARIA+INDIGENA+PAEPI,,KAMPEPEN,VALLADOLID
JOSE+MARIA+ITURRALDE+TRACONIS,,KANXOC,VALLADOLID
JACINTO+UC+DE+LOS+SANTOS,,KANXOC,VALLADOLID
PRIMARIA+INDIGENA+PAEPI,,KOOPCHEN,VALLADOLID
EMILIANO+ZAPATA,,NOHSUYTUN,VALLADOLID
RAFAEL+CHAZARO+PEREZ,,PIXOY,VALLADOLID
LAZARO+CARDENAS+DEL+RIO,,POPOLA,VALLADOLID
ESCUELA+COMUNITARIA+CONAFE,,SAN+ANDRES+X-BAC,VALLADOLID
PRIMARIA+INDIGENA+PAEPI,,SANTA+ROSA,VALLADOLID
PRIMARIA+INDIGENA+PAEPI,,SIDRAKIN,VALLADOLID
ZAMNA,,TAHMUY,VALLADOLID
JOSE+MARIA+MORELOS+Y+PAVON,,TESOCO,VALLADOLID
BENITO+JUAREZ+GARCIA,,TIXHUALACTUN,VALLADOLID
MIGUEL+HIDALGO+Y+COSTILLA,,X-COHUO,VALLADOLID
MANUEL+ALCALA+MARTIN,,XOCEN,VALLADOLID
NIÑOS+HEROES,,XUILUB,VALLADOLID
SOR+JUANA+INES+DE+LA+CRUZ,,YALCOBA,VALLADOLID
FRANCISCO+I.+MADERO,,YALCOBA,VALLADOLID
JACINTO+UC+DE+LOS+SANTOS,,YAXCHE,VALLADOLID
PRIMARIA+INDIGENA+PAEPI,,SAN+ANTONIO,VALLADOLID
PRIMARIA+INDIGENA+PAEPI,,YOKDZONOT+DOS,VALLADOLID
1+DE+MAYO,,CHAN+YOKDZONOT,VALLADOLID
ESCUELA+CONAFE,,CAYAXCHE,VALLADOLID
PRIMARIA+COMUNITARIA+INDIGENA,,CHAMUL,VALLADOLID
PRIMARIA+INDIGENA+PAEPI,,SAN+ISIDRO,VALLADOLID
PRIMARIA+INDIGENA+PAEPI,,SAN+PEDRO+SULA,VALLADOLID
ESCUELA+COMUNITARIA+CANAFE,,X-BACAB,VALLADOLID
ESCUELA+COMUNITARIA+CONAFE,,SAN+ANDRES+KAMPOCOLCHE,VALLADOLID
ESCUELA+COMUNITARIA+CONAFE,,X-BATUN,VALLADOLID
CRESCENCIO+CARRILLO+Y+ANCONA,,ZODZILCHEN,VALLADOLID
BENITO+JUAREZ+GARCIA,,TEPAKAN,VALLADOLID
PRIMARIA+INDIGENA+PAEPI,,TIMAS,VALLADOLID
EJERCITO+TRIGARANTE,,BOLMAY,VALLADOLID
ESCUELA+CONAFE,,SANTA+ELEUTERIA,VALLADOLID
MANUEL+ANTONIO+AY,,YAAX-HAL,VALLADOLID
MODELO+VALLADOLID,,VALLADOLID,VALLADOLID
ADOLFO+CISNEROS+CAMARA,,DZITNUP,VALLADOLID
GUILLERMO+PRIETO,,EBTUN,VALLADOLID
MANUEL+CRESCENCIO+REJON,,KANXOC,VALLADOLID
JUAN+DE+LA+BARRERA,,NOHSUYTUN,VALLADOLID
JOSE+MARIA+ITURRALDE+TRACONIS,,PIXOY,VALLADOLID
MARIANO+MATAMOROS,,POPOLA,VALLADOLID
MARIANO+MATAMOROS,,POPOLA,VALLADOLID
ERNESTO+NOVELO+TORRES,,TAHMUY,VALLADOLID
JOSE+INES+NOVELO,,TESOCO,VALLADOLID
DELIO+MORENO+CANTON,,TIKUCH,VALLADOLID
EDUARDO+URZAIZ+RODRIGUEZ,,TIXHUALACTUN,VALLADOLID
MANUEL+ACUÑA,,XUILUB,VALLADOLID
HECTOR+VICTORIA+AGUILAR,,YALCOBA,VALLADOLID
SECUNDARIA+COMUNITARIA+CONAFE,,CHAN+YOKDZONOT,VALLADOLID
SECUNDARIA+COMUNITARIA,,ZODZILCHEN,VALLADOLID
SECUNDARIA+COMUNITARIA,,TEPAKAN,VALLADOLID
ESCUELA+CONAFE,,TIMAS,VALLADOLID
CARLOS+CARRILLO+VEGA,,BOLMAY,VALLADOLID
SECUNDARIA+COMUNITARIA,,YAAX-HAL,VALLADOLID
CAANA+EK,,CANAKOM,YAXCABA
PREESCOLAR+INDIGENA+PAEPI,,TINUNCAH,YAXCABA
PREESCOLAR+INDIGENA+PAEPI,,SANTA+MARIA+KU,YAXCABA
PREESCOLAR+INDIGENA+PAEPI,,SAN+PEDRO,YAXCABA
JACINTO+CANEK,,TIHOLOP,YAXCABA
PREESCOLAR+INDIGENA+PAEPI,,X+'LAPAK,YAXCABA
PREESCOLAR+COMUNITARIO,,YOKDZONOT-HU,YAXCABA
PREESCOLAR+INDIGENA+PAEPI,,HUECHEN+BALAM,YAXCABA
CUAUHTEMOC,,LIBRE+UNION,YAXCABA
PREESCOLAR+COMUNITARIO,,X-MEXIL,YAXCABA
ZAC+BEH,,YAXUNAH,YAXCABA
PREESCOLAR+COMUNITARIO,,CHIMAY,YAXCABA
PREESCOLAR+INDIGENA+PAEPI,,SAN+MARCOS,YAXCABA
PREESCOLAR+COMUNITARIO,,POPOLA,YAXCABA
ZAZIL+HA,,TAHDZIBICHEN,YAXCABA
PREESCOLAR+INDIGENA+PAEPI,,CISTEIL,YAXCABA
PREESCOLAR+INDIGENA+PAEPI,,X-POM,YAXCABA
MANUEL+CRECENCIO+REJON,,TINUNCAH,YAXCABA
CUITLAHUAC,,SAN+MARCOS+DOS,YAXCABA
NACHI+COCOM,,SAN+PEDRO,YAXCABA
JOSE+DE+LA+LUZ+MENA+ALCOCER,,TIHOLOP,YAXCABA
FRANCISCO+VILLA,,X+'LAPAK,YAXCABA
PRIMARIA+COMUNITARIA,,YOKDZONOT-HU,YAXCABA
BENITO+JUAREZ+GARCIA,,HUECHEN+BALAM,YAXCABA
NACHI+COCOM,,LIBRE+UNION,YAXCABA
PRIMARIA+COMUNITARIA,,X-MEXIL,YAXCABA
PRIMARIA+COMUNITARIA,,CHIMAY,YAXCABA
AGUSTIN+FRANCO+VILLANUEVA,,SANTA+MARIA,YAXCABA
SALVADOR+ALVARADO,,KANCABDZONOT,YAXCABA
CUAUHTEMOC,,POPOLA,YAXCABA
FELIPE+CARRILLO+PUERTO,,CISTEIL,YAXCABA
ANTONIO+CASO+ANDRADE,,X-POM,YAXCABA
JOSE+CLEMENTE+OROZCO,,CANAKOM,YAXCABA
SECUNDARIA+COMUNITARIA,,TINUNCAH,YAXCABA
SECUNDARIA+COMUNITARIA,,SAN+PEDRO,YAXCABA
JOSE+MARIA+PINO+SUAREZ,,TIHOLOP,YAXCABA
SECUNDARIA+COMUNITARIA,,X+'LAPAK,YAXCABA
SECUNDARIA+COMUNITARIA,,HUECHEN+BALAM,YAXCABA
SECUNDARIA+COMUNITARIA+CONAFE,,X-MEXIL,YAXCABA
EL+APOSTOL+DEL+ARBOL,,YAXUNAH,YAXCABA
SECUNDARIA+COMUNITARIA,,SAN+MARCOS,YAXCABA
JACINTO+CANEK,,TAHDZIBICHEN,YAXCABA
SECUNDARIA+COMUNITARIA,,CISTEIL,YAXCABA
SECUNDARIA+COMUNITARIA,,X-POM,YAXCABA
PREESCOLAR+COMUNITARIO,,CHABIHAU,YOBAIN
CUAUHTEMOC,,CHABIHAU,YOBAIN
JUAN+CANO+Y+CANO,,CHABIHAU,YOBAIN
