ZERO_RESULTS,,ZERO_RESULTS,1
ZERO_RESULTS,,ZERO_RESULTS,2
ZERO_RESULTS,,ZERO_RESULTS,3
20.987229,,ZERO_RESULTS,4
20.9872956,,ZERO_RESULTS,5
20.9945283,,ZERO_RESULTS,6
ZERO_RESULTS,,ZERO_RESULTS,7
20.9848441,,ZERO_RESULTS,8
20.9771697,,ZERO_RESULTS,9
20.9771697,,ZERO_RESULTS,10
20.960263,,ZERO_RESULTS,11
20.9468049,,ZERO_RESULTS,12
21.2766309,,ZERO_RESULTS,13
ZERO_RESULTS,,ZERO_RESULTS,14
ZERO_RESULTS,,ZERO_RESULTS,15
ZERO_RESULTS,,ZERO_RESULTS,16
ZERO_RESULTS,,ZERO_RESULTS,17
21.0132185,,ZERO_RESULTS,18
21.0132185,,ZERO_RESULTS,19
21.0132185,,ZERO_RESULTS,20
ZERO_RESULTS,,ZERO_RESULTS,21
21.012246,,ZERO_RESULTS,22
ZERO_RESULTS,,ZERO_RESULTS,23
20.9447135,,ZERO_RESULTS,24
ZERO_RESULTS,,ZERO_RESULTS,25
21.2435737,,ZERO_RESULTS,26
ZERO_RESULTS,,ZERO_RESULTS,27
ZERO_RESULTS,,ZERO_RESULTS,28
ZERO_RESULTS,,ZERO_RESULTS,29
21.1003341,,ZERO_RESULTS,30
21.0265033,,ZERO_RESULTS,31
20.9443224,,ZERO_RESULTS,32
20.9725945,,ZERO_RESULTS,33
ZERO_RESULTS,,ZERO_RESULTS,34
ZERO_RESULTS,,ZERO_RESULTS,35
ZERO_RESULTS,,ZERO_RESULTS,36
ZERO_RESULTS,,ZERO_RESULTS,37
ZERO_RESULTS,,ZERO_RESULTS,38
ZERO_RESULTS,,ZERO_RESULTS,39
20.9544474,,ZERO_RESULTS,40
ZERO_RESULTS,,ZERO_RESULTS,41
ZERO_RESULTS,,ZERO_RESULTS,42
ZERO_RESULTS,,ZERO_RESULTS,43
20.9258936,,ZERO_RESULTS,44
20.9258635,,ZERO_RESULTS,45
21.002944,,ZERO_RESULTS,46
ZERO_RESULTS,,ZERO_RESULTS,47
ZERO_RESULTS,,ZERO_RESULTS,48
ZERO_RESULTS,,ZERO_RESULTS,49
ZERO_RESULTS,,ZERO_RESULTS,50
20.9611523,,ZERO_RESULTS,51
20.9611523,,ZERO_RESULTS,52
ZERO_RESULTS,,ZERO_RESULTS,53
ZERO_RESULTS,,ZERO_RESULTS,54
20.9688812,,ZERO_RESULTS,55
ZERO_RESULTS,,ZERO_RESULTS,56
20.955127,,ZERO_RESULTS,57
21.0259775,,ZERO_RESULTS,58
20.95821,,ZERO_RESULTS,59
20.9766846,,ZERO_RESULTS,60
ZERO_RESULTS,,ZERO_RESULTS,61
20.9795049,,ZERO_RESULTS,62
ZERO_RESULTS,,ZERO_RESULTS,63
20.9773401,,ZERO_RESULTS,64
20.9773401,,ZERO_RESULTS,65
20.9762182,,ZERO_RESULTS,66
ZERO_RESULTS,,ZERO_RESULTS,67
20.9535266,,ZERO_RESULTS,68
20.942665,,ZERO_RESULTS,69
20.9491951,,ZERO_RESULTS,70
20.9470889,,ZERO_RESULTS,71
ZERO_RESULTS,,ZERO_RESULTS,72
20.9385902,,ZERO_RESULTS,73
ZERO_RESULTS,,ZERO_RESULTS,74
21.2067103,,ZERO_RESULTS,75
ZERO_RESULTS,,ZERO_RESULTS,76
21.3906636,,ZERO_RESULTS,77
20.5069872,,ZERO_RESULTS,78
20.9485984,,ZERO_RESULTS,79
ZERO_RESULTS,,ZERO_RESULTS,80
ZERO_RESULTS,,ZERO_RESULTS,81
ZERO_RESULTS,,ZERO_RESULTS,82
ZERO_RESULTS,,ZERO_RESULTS,83
21.0045503,,ZERO_RESULTS,84
ZERO_RESULTS,,ZERO_RESULTS,85
ZERO_RESULTS,,ZERO_RESULTS,86
ZERO_RESULTS,,ZERO_RESULTS,87
ZERO_RESULTS,,ZERO_RESULTS,88
ZERO_RESULTS,,ZERO_RESULTS,89
ZERO_RESULTS,,ZERO_RESULTS,90
ZERO_RESULTS,,ZERO_RESULTS,91
21.015563,,ZERO_RESULTS,92
20.9978373,,ZERO_RESULTS,93
20.9977196,,ZERO_RESULTS,94
ZERO_RESULTS,,ZERO_RESULTS,95
ZERO_RESULTS,,ZERO_RESULTS,96
21.032716,,ZERO_RESULTS,97
20.9796717,,ZERO_RESULTS,98
20.9796717,,ZERO_RESULTS,99
ZERO_RESULTS,,ZERO_RESULTS,100
ZERO_RESULTS,,ZERO_RESULTS,101
21.3926014,,ZERO_RESULTS,102
ZERO_RESULTS,,ZERO_RESULTS,103
ZERO_RESULTS,,ZERO_RESULTS,104
ZERO_RESULTS,,ZERO_RESULTS,105
ZERO_RESULTS,,ZERO_RESULTS,106
20.96063,,ZERO_RESULTS,107
20.9941982,,ZERO_RESULTS,108
20.9941982,,ZERO_RESULTS,109
ZERO_RESULTS,,ZERO_RESULTS,110
20.956158,,ZERO_RESULTS,111
20.9949422,,ZERO_RESULTS,112
ZERO_RESULTS,,ZERO_RESULTS,113
20.9350317,,ZERO_RESULTS,114
20.9358328,,ZERO_RESULTS,115
20.9358328,,ZERO_RESULTS,116
20.9345677,,ZERO_RESULTS,117
ZERO_RESULTS,,ZERO_RESULTS,118
20.9572028,,ZERO_RESULTS,119
20.9777932,,ZERO_RESULTS,120
20.9335822,,ZERO_RESULTS,121
21.0701376,,ZERO_RESULTS,122
20.9757915,,ZERO_RESULTS,123
20.9757915,,ZERO_RESULTS,124
ZERO_RESULTS,,ZERO_RESULTS,125
ZERO_RESULTS,,ZERO_RESULTS,126
ZERO_RESULTS,,ZERO_RESULTS,127
ZERO_RESULTS,,ZERO_RESULTS,128
ZERO_RESULTS,,ZERO_RESULTS,129
20.9923097,,ZERO_RESULTS,130
ZERO_RESULTS,,ZERO_RESULTS,131
ZERO_RESULTS,,ZERO_RESULTS,132
ZERO_RESULTS,,ZERO_RESULTS,133
ZERO_RESULTS,,ZERO_RESULTS,134
ZERO_RESULTS,,ZERO_RESULTS,135
20.6995941,,ZERO_RESULTS,136
ZERO_RESULTS,,ZERO_RESULTS,137
20.9907572,,ZERO_RESULTS,138
ZERO_RESULTS,,ZERO_RESULTS,139
ZERO_RESULTS,,ZERO_RESULTS,140
20.9695217,,ZERO_RESULTS,141
20.9854329,,ZERO_RESULTS,142
ZERO_RESULTS,,ZERO_RESULTS,143
ZERO_RESULTS,,ZERO_RESULTS,144
21.0136013,,ZERO_RESULTS,145
ZERO_RESULTS,,ZERO_RESULTS,146
ZERO_RESULTS,,ZERO_RESULTS,147
20.9810198,,ZERO_RESULTS,148
20.982884,,ZERO_RESULTS,149
ZERO_RESULTS,,ZERO_RESULTS,150
ZERO_RESULTS,,ZERO_RESULTS,151
ZERO_RESULTS,,ZERO_RESULTS,152
20.9846664,,ZERO_RESULTS,153
20.9846664,,ZERO_RESULTS,154
20.9587075,,ZERO_RESULTS,155
20.9293822,,ZERO_RESULTS,156
ZERO_RESULTS,,ZERO_RESULTS,157
20.929654,,ZERO_RESULTS,158
20.9608096,,ZERO_RESULTS,159
ZERO_RESULTS,,ZERO_RESULTS,160
20.9298505,,ZERO_RESULTS,161
20.9291689,,ZERO_RESULTS,162
20.9288276,,ZERO_RESULTS,163
20.9232469,,ZERO_RESULTS,164
20.9270858,,ZERO_RESULTS,165
20.9283332,,ZERO_RESULTS,166
21.3932363,,ZERO_RESULTS,167
ZERO_RESULTS,,ZERO_RESULTS,168
ZERO_RESULTS,,ZERO_RESULTS,169
20.5904573,,ZERO_RESULTS,170
20.5904698,,ZERO_RESULTS,171
21.0193062,,ZERO_RESULTS,172
ZERO_RESULTS,,ZERO_RESULTS,173
20.7726904,,ZERO_RESULTS,174
ZERO_RESULTS,,ZERO_RESULTS,175
ZERO_RESULTS,,ZERO_RESULTS,176
21.0236425,,ZERO_RESULTS,177
20.9728487,,ZERO_RESULTS,178
20.9728487,,ZERO_RESULTS,179
21.0205012,,ZERO_RESULTS,180
21.0204991,,ZERO_RESULTS,181
20.8027647,,ZERO_RESULTS,182
ZERO_RESULTS,,ZERO_RESULTS,183
ZERO_RESULTS,,ZERO_RESULTS,184
ZERO_RESULTS,,ZERO_RESULTS,185
ZERO_RESULTS,,ZERO_RESULTS,186
20.9243738,,ZERO_RESULTS,187
ZERO_RESULTS,,ZERO_RESULTS,188
ZERO_RESULTS,,ZERO_RESULTS,189
20.9241868,,ZERO_RESULTS,190
20.9265655,,ZERO_RESULTS,191
20.9948787,,ZERO_RESULTS,192
20.923237,,ZERO_RESULTS,193
20.9232469,,ZERO_RESULTS,194
20.9274788,,ZERO_RESULTS,195
ZERO_RESULTS,,ZERO_RESULTS,196
ZERO_RESULTS,,ZERO_RESULTS,197
ZERO_RESULTS,,ZERO_RESULTS,198
ZERO_RESULTS,,ZERO_RESULTS,199
20.6473821,,ZERO_RESULTS,200
ZERO_RESULTS,,ZERO_RESULTS,201
20.6612067,,ZERO_RESULTS,202
ZERO_RESULTS,,ZERO_RESULTS,203
ZERO_RESULTS,,ZERO_RESULTS,204
ZERO_RESULTS,,ZERO_RESULTS,205
ZERO_RESULTS,,ZERO_RESULTS,206
20.9434146,,ZERO_RESULTS,207
21.0130016,,ZERO_RESULTS,208
21.1017575,,ZERO_RESULTS,209
ZERO_RESULTS,,ZERO_RESULTS,210
ZERO_RESULTS,,ZERO_RESULTS,211
20.97342,,ZERO_RESULTS,212
20.97342,,ZERO_RESULTS,213
20.97342,,ZERO_RESULTS,214
ZERO_RESULTS,,ZERO_RESULTS,215
ZERO_RESULTS,,ZERO_RESULTS,216
21.2005817,,ZERO_RESULTS,217
ZERO_RESULTS,,ZERO_RESULTS,218
20.7399601,,ZERO_RESULTS,219
ZERO_RESULTS,,ZERO_RESULTS,220
ZERO_RESULTS,,ZERO_RESULTS,221
20.9863148,,ZERO_RESULTS,222
ZERO_RESULTS,,ZERO_RESULTS,223
20.3946554,,ZERO_RESULTS,224
20.9358328,,ZERO_RESULTS,225
21.0163273,,ZERO_RESULTS,226
20.968472,,ZERO_RESULTS,227
20.964955,,ZERO_RESULTS,228
20.9674229,,ZERO_RESULTS,229
ZERO_RESULTS,,ZERO_RESULTS,230
ZERO_RESULTS,,ZERO_RESULTS,231
20.960272,,ZERO_RESULTS,232
20.960272,,ZERO_RESULTS,233
20.81695,,ZERO_RESULTS,234
20.81695,,ZERO_RESULTS,235
20.5856059,,ZERO_RESULTS,236
20.970789,,ZERO_RESULTS,237
20.9957525,,ZERO_RESULTS,238
20.9957525,,ZERO_RESULTS,239
ZERO_RESULTS,,ZERO_RESULTS,240
ZERO_RESULTS,,ZERO_RESULTS,241
20.991997,,ZERO_RESULTS,242
20.9918514,,ZERO_RESULTS,243
20.9882923,,ZERO_RESULTS,244
20.9196368,,ZERO_RESULTS,245
20.9196293,,ZERO_RESULTS,246
ZERO_RESULTS,,ZERO_RESULTS,247
ZERO_RESULTS,,ZERO_RESULTS,248
20.9164825,,ZERO_RESULTS,249
ZERO_RESULTS,,ZERO_RESULTS,250
ZERO_RESULTS,,ZERO_RESULTS,251
ZERO_RESULTS,,ZERO_RESULTS,252
20.7412987,,ZERO_RESULTS,253
ZERO_RESULTS,,ZERO_RESULTS,254
20.944019,,ZERO_RESULTS,255
ZERO_RESULTS,,ZERO_RESULTS,256
20.5870954,,ZERO_RESULTS,257
20.4828214,,ZERO_RESULTS,258
ZERO_RESULTS,,ZERO_RESULTS,259
ZERO_RESULTS,,ZERO_RESULTS,260
ZERO_RESULTS,,ZERO_RESULTS,261
ZERO_RESULTS,,ZERO_RESULTS,262
ZERO_RESULTS,,ZERO_RESULTS,263
ZERO_RESULTS,,ZERO_RESULTS,264
ZERO_RESULTS,,ZERO_RESULTS,265
20.9211347,,ZERO_RESULTS,266
ZERO_RESULTS,,ZERO_RESULTS,267
20.9584338,,ZERO_RESULTS,268
20.9576174,,ZERO_RESULTS,269
20.9215943,,ZERO_RESULTS,270
ZERO_RESULTS,,ZERO_RESULTS,271
ZERO_RESULTS,,ZERO_RESULTS,272
ZERO_RESULTS,,ZERO_RESULTS,273
ZERO_RESULTS,,ZERO_RESULTS,274
ZERO_RESULTS,,ZERO_RESULTS,275
ZERO_RESULTS,,ZERO_RESULTS,276
ZERO_RESULTS,,ZERO_RESULTS,277
ZERO_RESULTS,,ZERO_RESULTS,278
21.005832,,ZERO_RESULTS,279
ZERO_RESULTS,,ZERO_RESULTS,280
21.0056743,,ZERO_RESULTS,281
ZERO_RESULTS,,ZERO_RESULTS,282
21.0145571,,ZERO_RESULTS,283
20.9429313,,ZERO_RESULTS,284
20.991032,,ZERO_RESULTS,285
20.4030518,,ZERO_RESULTS,286
20.957858,,ZERO_RESULTS,287
21.0064214,,ZERO_RESULTS,288
20.9928775,,ZERO_RESULTS,289
ZERO_RESULTS,,ZERO_RESULTS,290
20.965932,,ZERO_RESULTS,291
20.941609,,ZERO_RESULTS,292
20.941609,,ZERO_RESULTS,293
ZERO_RESULTS,,ZERO_RESULTS,294
ZERO_RESULTS,,ZERO_RESULTS,295
ZERO_RESULTS,,ZERO_RESULTS,296
20.9158643,,ZERO_RESULTS,297
ZERO_RESULTS,,ZERO_RESULTS,298
ZERO_RESULTS,,ZERO_RESULTS,299
ZERO_RESULTS,,ZERO_RESULTS,300
ZERO_RESULTS,,ZERO_RESULTS,301
21.0016888,,ZERO_RESULTS,302
20.9755235,,ZERO_RESULTS,303
20.9644887,,ZERO_RESULTS,304
20.9644887,,ZERO_RESULTS,305
21.0166444,,ZERO_RESULTS,306
21.0166444,,ZERO_RESULTS,307
ZERO_RESULTS,,ZERO_RESULTS,308
ZERO_RESULTS,,ZERO_RESULTS,309
ZERO_RESULTS,,ZERO_RESULTS,310
ZERO_RESULTS,,ZERO_RESULTS,311
20.8870639,,ZERO_RESULTS,312
ZERO_RESULTS,,ZERO_RESULTS,313
20.8787023,,ZERO_RESULTS,314
20.8879285,,ZERO_RESULTS,315
20.9905,,ZERO_RESULTS,316
20.9905,,ZERO_RESULTS,317
ZERO_RESULTS,,ZERO_RESULTS,318
21.246455,,ZERO_RESULTS,319
21.28,,ZERO_RESULTS,320
ZERO_RESULTS,,ZERO_RESULTS,321
20.9490634,,ZERO_RESULTS,322
20.9886767,,ZERO_RESULTS,323
ZERO_RESULTS,,ZERO_RESULTS,324
ZERO_RESULTS,,ZERO_RESULTS,325
1,,ZERO_RESULTS,326
20.9586584,,ZERO_RESULTS,327
20.958585,,ZERO_RESULTS,328
20.8208247,,ZERO_RESULTS,329
ZERO_RESULTS,,ZERO_RESULTS,330
21.008601,,ZERO_RESULTS,331
20.9580006,,ZERO_RESULTS,332
20.5889654,,ZERO_RESULTS,333
20.5837337,,ZERO_RESULTS,334
ZERO_RESULTS,,ZERO_RESULTS,335
ZERO_RESULTS,,ZERO_RESULTS,336
20.9761741,,ZERO_RESULTS,337
21.0297714,,ZERO_RESULTS,338
ZERO_RESULTS,,ZERO_RESULTS,339
20.9086127,,ZERO_RESULTS,340
21.0201809,,ZERO_RESULTS,341
20.5113634,,ZERO_RESULTS,342
ZERO_RESULTS,,ZERO_RESULTS,343
20.9283331,,ZERO_RESULTS,344
20.9583885,,ZERO_RESULTS,345
ZERO_RESULTS,,ZERO_RESULTS,346
20.9733556,,ZERO_RESULTS,347
ZERO_RESULTS,,ZERO_RESULTS,348
ZERO_RESULTS,,ZERO_RESULTS,349
ZERO_RESULTS,,ZERO_RESULTS,350
ZERO_RESULTS,,ZERO_RESULTS,351
ZERO_RESULTS,,ZERO_RESULTS,352
20.8895479,,ZERO_RESULTS,353
20.8895479,,ZERO_RESULTS,354
ZERO_RESULTS,,ZERO_RESULTS,355
20.5478862,,ZERO_RESULTS,356
ZERO_RESULTS,,ZERO_RESULTS,357
ZERO_RESULTS,,ZERO_RESULTS,358
20.9328023,,ZERO_RESULTS,359
20.9331858,,ZERO_RESULTS,360
ZERO_RESULTS,,ZERO_RESULTS,361
21.0994655,,ZERO_RESULTS,362
21.0085873,,ZERO_RESULTS,363
21.0085873,,ZERO_RESULTS,364
21.0085873,,ZERO_RESULTS,365
ZERO_RESULTS,,ZERO_RESULTS,366
21.0192442,,ZERO_RESULTS,367
20.9942602,,ZERO_RESULTS,368
20.9942602,,ZERO_RESULTS,369
21.0155461,,ZERO_RESULTS,370
20.9942602,,ZERO_RESULTS,371
20.972263,,ZERO_RESULTS,372
ZERO_RESULTS,,ZERO_RESULTS,373
21.5963825,,ZERO_RESULTS,374
21.0869083,,ZERO_RESULTS,375
20.9623739,,ZERO_RESULTS,376
20.9555069,,ZERO_RESULTS,377
21.0274037,,ZERO_RESULTS,378
21.0154982,,ZERO_RESULTS,379
21.0154163,,ZERO_RESULTS,380
21.0231768,,ZERO_RESULTS,381
21.0032062,,ZERO_RESULTS,382
21.0031377,,ZERO_RESULTS,383
ZERO_RESULTS,,ZERO_RESULTS,384
ZERO_RESULTS,,ZERO_RESULTS,385
ZERO_RESULTS,,ZERO_RESULTS,386
ZERO_RESULTS,,ZERO_RESULTS,387
20.4803868,,ZERO_RESULTS,388
21.0152121,,ZERO_RESULTS,389
20.722527,,ZERO_RESULTS,390
ZERO_RESULTS,,ZERO_RESULTS,391
ZERO_RESULTS,,ZERO_RESULTS,392
ZERO_RESULTS,,ZERO_RESULTS,393
ZERO_RESULTS,,ZERO_RESULTS,394
20.97,,ZERO_RESULTS,395
ZERO_RESULTS,,ZERO_RESULTS,396
20.8222246,,ZERO_RESULTS,397
21.0337416,,ZERO_RESULTS,398
20.4030959,,ZERO_RESULTS,399
ZERO_RESULTS,,ZERO_RESULTS,400
ZERO_RESULTS,,ZERO_RESULTS,401
ZERO_RESULTS,,ZERO_RESULTS,402
ZERO_RESULTS,,ZERO_RESULTS,403
ZERO_RESULTS,,ZERO_RESULTS,404
ZERO_RESULTS,,ZERO_RESULTS,405
ZERO_RESULTS,,ZERO_RESULTS,406
ZERO_RESULTS,,ZERO_RESULTS,407
ZERO_RESULTS,,ZERO_RESULTS,408
21.0032964,,ZERO_RESULTS,409
ZERO_RESULTS,,ZERO_RESULTS,410
20.87492,,ZERO_RESULTS,411
ZERO_RESULTS,,ZERO_RESULTS,412
ZERO_RESULTS,,ZERO_RESULTS,413
ZERO_RESULTS,,ZERO_RESULTS,414
ZERO_RESULTS,,ZERO_RESULTS,415
ZERO_RESULTS,,ZERO_RESULTS,416
20.4060522,,ZERO_RESULTS,417
21.0130928,,ZERO_RESULTS,418
20.9648315,,ZERO_RESULTS,419
20.9798516,,ZERO_RESULTS,420
ZERO_RESULTS,,ZERO_RESULTS,421
ZERO_RESULTS,,ZERO_RESULTS,422
21.2548763,,ZERO_RESULTS,423
21.2320466,,ZERO_RESULTS,424
ZERO_RESULTS,,ZERO_RESULTS,425
21.0099638,,ZERO_RESULTS,426
ZERO_RESULTS,,ZERO_RESULTS,427
20.983139,,ZERO_RESULTS,428
ZERO_RESULTS,,ZERO_RESULTS,429
ZERO_RESULTS,,ZERO_RESULTS,430
21.2334388,,ZERO_RESULTS,431
ZERO_RESULTS,,ZERO_RESULTS,432
ZERO_RESULTS,,ZERO_RESULTS,433
20.8986478,,ZERO_RESULTS,434
ZERO_RESULTS,,ZERO_RESULTS,435
20.8926603,,ZERO_RESULTS,436
ZERO_RESULTS,,ZERO_RESULTS,437
ZERO_RESULTS,,ZERO_RESULTS,438
21.0219552,,ZERO_RESULTS,439
ZERO_RESULTS,,ZERO_RESULTS,440
ZERO_RESULTS,,ZERO_RESULTS,441
ZERO_RESULTS,,ZERO_RESULTS,442
20.6342627,,ZERO_RESULTS,443
ZERO_RESULTS,,ZERO_RESULTS,444
20.3897829,,ZERO_RESULTS,445
ZERO_RESULTS,,ZERO_RESULTS,446
ZERO_RESULTS,,ZERO_RESULTS,447
ZERO_RESULTS,,ZERO_RESULTS,448
ZERO_RESULTS,,ZERO_RESULTS,449
20.9174271,,ZERO_RESULTS,450
20.6486769,,ZERO_RESULTS,451
ZERO_RESULTS,,ZERO_RESULTS,452
ZERO_RESULTS,,ZERO_RESULTS,453
20.5845372,,ZERO_RESULTS,454
ZERO_RESULTS,,ZERO_RESULTS,455
20.9570456,,ZERO_RESULTS,456
20.9721267,,ZERO_RESULTS,457
ZERO_RESULTS,,ZERO_RESULTS,458
ZERO_RESULTS,,ZERO_RESULTS,459
21.0497995,,ZERO_RESULTS,460
21.294472,,ZERO_RESULTS,461
21.59586,,ZERO_RESULTS,462
ZERO_RESULTS,,ZERO_RESULTS,463
20.4004595,,ZERO_RESULTS,464
ZERO_RESULTS,,ZERO_RESULTS,465
ZERO_RESULTS,,ZERO_RESULTS,466
ZERO_RESULTS,,ZERO_RESULTS,467
21.0109846,,ZERO_RESULTS,468
20.928844,,ZERO_RESULTS,469
20.8941536,,ZERO_RESULTS,470
20.8827436,,ZERO_RESULTS,471
20.4787311,,ZERO_RESULTS,472
20.7726904,,ZERO_RESULTS,473
ZERO_RESULTS,,ZERO_RESULTS,474
20.8828799,,ZERO_RESULTS,475
21.0122892,,ZERO_RESULTS,476
21.0122892,,ZERO_RESULTS,477
20.9561312,,ZERO_RESULTS,478
20.9902581,,ZERO_RESULTS,479
20.9908679,,ZERO_RESULTS,480
20.9771777,,ZERO_RESULTS,481
21.016561,,ZERO_RESULTS,482
21.0377038,,ZERO_RESULTS,483
21.016561,,ZERO_RESULTS,484
20.9907029,,ZERO_RESULTS,485
20.7378562,,ZERO_RESULTS,486
ZERO_RESULTS,,ZERO_RESULTS,487
ZERO_RESULTS,,ZERO_RESULTS,488
ZERO_RESULTS,,ZERO_RESULTS,489
20.9345711,,ZERO_RESULTS,490
20.9926156,,ZERO_RESULTS,491
20.9926156,,ZERO_RESULTS,492
ZERO_RESULTS,,ZERO_RESULTS,493
ZERO_RESULTS,,ZERO_RESULTS,494
ZERO_RESULTS,,ZERO_RESULTS,495
20.9174271,,ZERO_RESULTS,496
ZERO_RESULTS,,ZERO_RESULTS,497
21.0265001,,ZERO_RESULTS,498
ZERO_RESULTS,,ZERO_RESULTS,499
ZERO_RESULTS,,ZERO_RESULTS,500
ZERO_RESULTS,,ZERO_RESULTS,501
ZERO_RESULTS,,ZERO_RESULTS,502
21.1969379,,ZERO_RESULTS,503
ZERO_RESULTS,,ZERO_RESULTS,504
21.0057062,,ZERO_RESULTS,505
20.492326,,ZERO_RESULTS,506
ZERO_RESULTS,,ZERO_RESULTS,507
20.9110308,,ZERO_RESULTS,508
ZERO_RESULTS,,ZERO_RESULTS,509
ZERO_RESULTS,,ZERO_RESULTS,510
ZERO_RESULTS,,ZERO_RESULTS,511
20.9669548,,ZERO_RESULTS,512
21.0923769,,ZERO_RESULTS,513
21.02546,,ZERO_RESULTS,514
20.9855253,,ZERO_RESULTS,515
20.9374824,,ZERO_RESULTS,516
20.9852103,,ZERO_RESULTS,517
21.0950347,,ZERO_RESULTS,518
20.4803239,,ZERO_RESULTS,519
ZERO_RESULTS,,ZERO_RESULTS,520
ZERO_RESULTS,,ZERO_RESULTS,521
20.5956727,,ZERO_RESULTS,522
ZERO_RESULTS,,ZERO_RESULTS,523
ZERO_RESULTS,,ZERO_RESULTS,524
ZERO_RESULTS,,ZERO_RESULTS,525
21.0194422,,ZERO_RESULTS,526
ZERO_RESULTS,,ZERO_RESULTS,527
ZERO_RESULTS,,ZERO_RESULTS,528
ZERO_RESULTS,,ZERO_RESULTS,529
ZERO_RESULTS,,ZERO_RESULTS,530
21.0472596,,ZERO_RESULTS,531
21.0264306,,ZERO_RESULTS,532
ZERO_RESULTS,,ZERO_RESULTS,533
ZERO_RESULTS,,ZERO_RESULTS,534
ZERO_RESULTS,,ZERO_RESULTS,535
ZERO_RESULTS,,ZERO_RESULTS,536
ZERO_RESULTS,,ZERO_RESULTS,537
20.8801709,,ZERO_RESULTS,538
ZERO_RESULTS,,ZERO_RESULTS,539
20.5968847,,ZERO_RESULTS,540
ZERO_RESULTS,,ZERO_RESULTS,541
20.9952405,,ZERO_RESULTS,542
ZERO_RESULTS,,ZERO_RESULTS,543
20.5829498,,ZERO_RESULTS,544
ZERO_RESULTS,,ZERO_RESULTS,545
ZERO_RESULTS,,ZERO_RESULTS,546
ZERO_RESULTS,,ZERO_RESULTS,547
ZERO_RESULTS,,ZERO_RESULTS,548
ZERO_RESULTS,,ZERO_RESULTS,549
21.1331059,,ZERO_RESULTS,550
ZERO_RESULTS,,ZERO_RESULTS,551
21.0132692,,ZERO_RESULTS,552
21.0132692,,ZERO_RESULTS,553
20.9864875,,ZERO_RESULTS,554
20.9554232,,ZERO_RESULTS,555
ZERO_RESULTS,,ZERO_RESULTS,556
ZERO_RESULTS,,ZERO_RESULTS,557
21.0204519,,ZERO_RESULTS,558
20.2633928,,ZERO_RESULTS,559
ZERO_RESULTS,,ZERO_RESULTS,560
ZERO_RESULTS,,ZERO_RESULTS,561
20.9337579,,ZERO_RESULTS,562
ZERO_RESULTS,,ZERO_RESULTS,563
20.9410744,,ZERO_RESULTS,564
20.9410744,,ZERO_RESULTS,565
ZERO_RESULTS,,ZERO_RESULTS,566
21.3013199,,ZERO_RESULTS,567
ZERO_RESULTS,,ZERO_RESULTS,568
21.0397067,,ZERO_RESULTS,569
ZERO_RESULTS,,ZERO_RESULTS,570
20.7510538,,ZERO_RESULTS,571
ZERO_RESULTS,,ZERO_RESULTS,572
ZERO_RESULTS,,ZERO_RESULTS,573
20.7257929,,ZERO_RESULTS,574
ZERO_RESULTS,,ZERO_RESULTS,575
ZERO_RESULTS,,ZERO_RESULTS,576
ZERO_RESULTS,,ZERO_RESULTS,577
20.9521932,,ZERO_RESULTS,578
ZERO_RESULTS,,ZERO_RESULTS,579
ZERO_RESULTS,,ZERO_RESULTS,580
ZERO_RESULTS,,ZERO_RESULTS,581
20.3883765,,ZERO_RESULTS,582
21.1468308,,ZERO_RESULTS,583
ZERO_RESULTS,,ZERO_RESULTS,584
ZERO_RESULTS,,ZERO_RESULTS,585
20.8589236,,ZERO_RESULTS,586
ZERO_RESULTS,,ZERO_RESULTS,587
21.023216,,ZERO_RESULTS,588
21.1652574,,ZERO_RESULTS,589
ZERO_RESULTS,,ZERO_RESULTS,590
ZERO_RESULTS,,ZERO_RESULTS,591
20.9628942,,ZERO_RESULTS,592
ZERO_RESULTS,,ZERO_RESULTS,593
21.0220358,,ZERO_RESULTS,594
20.9631835,,ZERO_RESULTS,595
21.0049053,,ZERO_RESULTS,596
20.951481,,ZERO_RESULTS,597
21.0419369,,ZERO_RESULTS,598
21.041936,,ZERO_RESULTS,599
21.2950024,,ZERO_RESULTS,600
ZERO_RESULTS,,ZERO_RESULTS,601
ZERO_RESULTS,,ZERO_RESULTS,602
ZERO_RESULTS,,ZERO_RESULTS,603
20.5353053,,ZERO_RESULTS,604
ZERO_RESULTS,,ZERO_RESULTS,605
ZERO_RESULTS,,ZERO_RESULTS,606
20.3971467,,ZERO_RESULTS,607
20.8123351,,ZERO_RESULTS,608
21.0025752,,ZERO_RESULTS,609
ZERO_RESULTS,,ZERO_RESULTS,610
20.9894834,,ZERO_RESULTS,611
20.9894834,,ZERO_RESULTS,612
20.7490953,,ZERO_RESULTS,613
20.7490953,,ZERO_RESULTS,614
21.1525119,,ZERO_RESULTS,615
21.1525119,,ZERO_RESULTS,616
20.9708213,,ZERO_RESULTS,617
ZERO_RESULTS,,ZERO_RESULTS,618
21.0087889,,ZERO_RESULTS,619
ZERO_RESULTS,,ZERO_RESULTS,620
ZERO_RESULTS,,ZERO_RESULTS,621
21.0751215,,ZERO_RESULTS,622
ZERO_RESULTS,,ZERO_RESULTS,623
20.8814897,,ZERO_RESULTS,624
20.8815003,,ZERO_RESULTS,625
21.2837474,,ZERO_RESULTS,626
21.0617572,,ZERO_RESULTS,627
ZERO_RESULTS,,ZERO_RESULTS,628
ZERO_RESULTS,,ZERO_RESULTS,629
ZERO_RESULTS,,ZERO_RESULTS,630
20.7672704,,ZERO_RESULTS,631
ZERO_RESULTS,,ZERO_RESULTS,632
21.0123875,,ZERO_RESULTS,633
ZERO_RESULTS,,ZERO_RESULTS,634
ZERO_RESULTS,,ZERO_RESULTS,635
20.8562653,,ZERO_RESULTS,636
20.7244615,,ZERO_RESULTS,637
ZERO_RESULTS,,ZERO_RESULTS,638
21.0039829,,ZERO_RESULTS,639
21.0039829,,ZERO_RESULTS,640
21.0039829,,ZERO_RESULTS,641
ZERO_RESULTS,,ZERO_RESULTS,642
ZERO_RESULTS,,ZERO_RESULTS,643
20.5989466,,ZERO_RESULTS,644
21.2485743,,ZERO_RESULTS,645
20.956104,,ZERO_RESULTS,646
20.956104,,ZERO_RESULTS,647
20.9365645,,ZERO_RESULTS,648
20.9339485,,ZERO_RESULTS,649
21.0111317,,ZERO_RESULTS,650
ZERO_RESULTS,,ZERO_RESULTS,651
20.932461,,ZERO_RESULTS,652
20.932461,,ZERO_RESULTS,653
21.0047618,,ZERO_RESULTS,654
ZERO_RESULTS,,ZERO_RESULTS,655
20.9920977,,ZERO_RESULTS,656
ZERO_RESULTS,,ZERO_RESULTS,657
20.8832256,,ZERO_RESULTS,658
21.2801659,,ZERO_RESULTS,659
ZERO_RESULTS,,ZERO_RESULTS,660
ZERO_RESULTS,,ZERO_RESULTS,661
21.246455,,ZERO_RESULTS,662
ZERO_RESULTS,,ZERO_RESULTS,663
20.983139,,ZERO_RESULTS,664
20.8821948,,ZERO_RESULTS,665
21.1056165,,ZERO_RESULTS,666
21.2253345,,ZERO_RESULTS,667
ZERO_RESULTS,,ZERO_RESULTS,668
ZERO_RESULTS,,ZERO_RESULTS,669
ZERO_RESULTS,,ZERO_RESULTS,670
ZERO_RESULTS,,ZERO_RESULTS,671
ZERO_RESULTS,,ZERO_RESULTS,672
21.0055797,,ZERO_RESULTS,673
21.0051704,,ZERO_RESULTS,674
21.004108,,ZERO_RESULTS,675
21.0114758,,ZERO_RESULTS,676
ZERO_RESULTS,,ZERO_RESULTS,677
ZERO_RESULTS,,ZERO_RESULTS,678
ZERO_RESULTS,,ZERO_RESULTS,679
ZERO_RESULTS,,ZERO_RESULTS,680
ZERO_RESULTS,,ZERO_RESULTS,681
ZERO_RESULTS,,ZERO_RESULTS,682
ZERO_RESULTS,,ZERO_RESULTS,683
ZERO_RESULTS,,ZERO_RESULTS,684
20.9888276,,ZERO_RESULTS,685
ZERO_RESULTS,,ZERO_RESULTS,686
ZERO_RESULTS,,ZERO_RESULTS,687
ZERO_RESULTS,,ZERO_RESULTS,688
ZERO_RESULTS,,ZERO_RESULTS,689
20.9654825,,ZERO_RESULTS,690
20.068202,,ZERO_RESULTS,691
20.7675355,,ZERO_RESULTS,692
ZERO_RESULTS,,ZERO_RESULTS,693
21.0617572,,ZERO_RESULTS,694
21.0617572,,ZERO_RESULTS,695
21.2890901,,ZERO_RESULTS,696
ZERO_RESULTS,,ZERO_RESULTS,697
20.8929832,,ZERO_RESULTS,698
21.0226673,,ZERO_RESULTS,699
20.9864875,,ZERO_RESULTS,700
20.9864875,,ZERO_RESULTS,701
ZERO_RESULTS,,ZERO_RESULTS,702
21.0051625,,ZERO_RESULTS,703
20.9882923,,ZERO_RESULTS,704
20.9848376,,ZERO_RESULTS,705
20.9637752,,ZERO_RESULTS,706
21.1428173,,ZERO_RESULTS,707
21.1428173,,ZERO_RESULTS,708
21.1428173,,ZERO_RESULTS,709
20.8040237,,ZERO_RESULTS,710
ZERO_RESULTS,,ZERO_RESULTS,711
ZERO_RESULTS,,ZERO_RESULTS,712
20.8833404,,ZERO_RESULTS,713
20.8833404,,ZERO_RESULTS,714
ZERO_RESULTS,,ZERO_RESULTS,715
20.9882923,,ZERO_RESULTS,716
ZERO_RESULTS,,ZERO_RESULTS,717
ZERO_RESULTS,,ZERO_RESULTS,718
ZERO_RESULTS,,ZERO_RESULTS,719
ZERO_RESULTS,,ZERO_RESULTS,720
20.7493969,,ZERO_RESULTS,721
ZERO_RESULTS,,ZERO_RESULTS,722
21.2462423,,ZERO_RESULTS,723
ZERO_RESULTS,,ZERO_RESULTS,724
ZERO_RESULTS,,ZERO_RESULTS,725
20.9335052,,ZERO_RESULTS,726
ZERO_RESULTS,,ZERO_RESULTS,727
ZERO_RESULTS,,ZERO_RESULTS,728
20.3900574,,ZERO_RESULTS,729
ZERO_RESULTS,,ZERO_RESULTS,730
ZERO_RESULTS,,ZERO_RESULTS,731
21.0089832,,ZERO_RESULTS,732
ZERO_RESULTS,,ZERO_RESULTS,733
20.8218546,,ZERO_RESULTS,734
20.97,,ZERO_RESULTS,735
20.97,,ZERO_RESULTS,736
20.97,,ZERO_RESULTS,737
20.5475198,,ZERO_RESULTS,738
ZERO_RESULTS,,ZERO_RESULTS,739
20.8798777,,ZERO_RESULTS,740
20.645795,,ZERO_RESULTS,741
ZERO_RESULTS,,ZERO_RESULTS,742
21.0081218,,ZERO_RESULTS,743
21.0081218,,ZERO_RESULTS,744
20.996237,,ZERO_RESULTS,745
ZERO_RESULTS,,ZERO_RESULTS,746
20.9875741,,ZERO_RESULTS,747
20.9875741,,ZERO_RESULTS,748
ZERO_RESULTS,,ZERO_RESULTS,749
ZERO_RESULTS,,ZERO_RESULTS,750
ZERO_RESULTS,,ZERO_RESULTS,751
ZERO_RESULTS,,ZERO_RESULTS,752
20.8206298,,ZERO_RESULTS,753
ZERO_RESULTS,,ZERO_RESULTS,754
ZERO_RESULTS,,ZERO_RESULTS,755
ZERO_RESULTS,,ZERO_RESULTS,756
20.9296735,,ZERO_RESULTS,757
ZERO_RESULTS,,ZERO_RESULTS,758
ZERO_RESULTS,,ZERO_RESULTS,759
ZERO_RESULTS,,ZERO_RESULTS,760
ZERO_RESULTS,,ZERO_RESULTS,761
ZERO_RESULTS,,ZERO_RESULTS,762
ZERO_RESULTS,,ZERO_RESULTS,763
20.9665541,,ZERO_RESULTS,764
20.9877404,,ZERO_RESULTS,765
20.994858,,ZERO_RESULTS,766
ZERO_RESULTS,,ZERO_RESULTS,767
20.0763894,,ZERO_RESULTS,768
21.0267877,,ZERO_RESULTS,769
ZERO_RESULTS,,ZERO_RESULTS,770
21.2676831,,ZERO_RESULTS,771
20.9998101,,ZERO_RESULTS,772
20.9998466,,ZERO_RESULTS,773
20.9998466,,ZERO_RESULTS,774
21.0718897,,ZERO_RESULTS,775
20.5947583,,ZERO_RESULTS,776
20.0763245,,ZERO_RESULTS,777
ZERO_RESULTS,,ZERO_RESULTS,778
ZERO_RESULTS,,ZERO_RESULTS,779
20.8405838,,ZERO_RESULTS,780
21.0085616,,ZERO_RESULTS,781
ZERO_RESULTS,,ZERO_RESULTS,782
ZERO_RESULTS,,ZERO_RESULTS,783
ZERO_RESULTS,,ZERO_RESULTS,784
ZERO_RESULTS,,ZERO_RESULTS,785
ZERO_RESULTS,,ZERO_RESULTS,786
20.9467178,,ZERO_RESULTS,787
ZERO_RESULTS,,ZERO_RESULTS,788
ZERO_RESULTS,,ZERO_RESULTS,789
20.7484703,,ZERO_RESULTS,790
20.9785579,,ZERO_RESULTS,791
21.0147763,,ZERO_RESULTS,792
21.1588689,,ZERO_RESULTS,793
ZERO_RESULTS,,ZERO_RESULTS,794
21.0072718,,ZERO_RESULTS,795
21.0205997,,ZERO_RESULTS,796
21.2844302,,ZERO_RESULTS,797
20.8922543,,ZERO_RESULTS,798
20.4037045,,ZERO_RESULTS,799
ZERO_RESULTS,,ZERO_RESULTS,800
21.2869105,,ZERO_RESULTS,801
21.2869105,,ZERO_RESULTS,802
ZERO_RESULTS,,ZERO_RESULTS,803
21.110914,,ZERO_RESULTS,804
21.0126719,,ZERO_RESULTS,805
ZERO_RESULTS,,ZERO_RESULTS,806
20.9257331,,ZERO_RESULTS,807
20.3970298,,ZERO_RESULTS,808
ZERO_RESULTS,,ZERO_RESULTS,809
21.032716,,ZERO_RESULTS,810
21.0965721,,ZERO_RESULTS,811
21.0965721,,ZERO_RESULTS,812
21.0220706,,ZERO_RESULTS,813
21.0220706,,ZERO_RESULTS,814
21.2254538,,ZERO_RESULTS,815
ZERO_RESULTS,,ZERO_RESULTS,816
ZERO_RESULTS,,ZERO_RESULTS,817
21.0053322,,ZERO_RESULTS,818
21.0053322,,ZERO_RESULTS,819
ZERO_RESULTS,,ZERO_RESULTS,820
ZERO_RESULTS,,ZERO_RESULTS,821
ZERO_RESULTS,,ZERO_RESULTS,822
ZERO_RESULTS,,ZERO_RESULTS,823
ZERO_RESULTS,,ZERO_RESULTS,824
20.9509537,,ZERO_RESULTS,825
ZERO_RESULTS,,ZERO_RESULTS,826
20.5815014,,ZERO_RESULTS,827
ZERO_RESULTS,,ZERO_RESULTS,828
21.0124186,,ZERO_RESULTS,829
20.9311377,,ZERO_RESULTS,830
21.0017796,,ZERO_RESULTS,831
20.97,,ZERO_RESULTS,832
21.0475563,,ZERO_RESULTS,833
ZERO_RESULTS,,ZERO_RESULTS,834
ZERO_RESULTS,,ZERO_RESULTS,835
20.5474404,,ZERO_RESULTS,836
ZERO_RESULTS,,ZERO_RESULTS,837
ZERO_RESULTS,,ZERO_RESULTS,838
21.0098173,,ZERO_RESULTS,839
21.0098173,,ZERO_RESULTS,840
20.9523844,,ZERO_RESULTS,841
ZERO_RESULTS,,ZERO_RESULTS,842
ZERO_RESULTS,,ZERO_RESULTS,843
20.9324486,,ZERO_RESULTS,844
20.4005146,,ZERO_RESULTS,845
20.7006481,,ZERO_RESULTS,846
20.705314,,ZERO_RESULTS,847
ZERO_RESULTS,,ZERO_RESULTS,848
ZERO_RESULTS,,ZERO_RESULTS,849
ZERO_RESULTS,,ZERO_RESULTS,850
20.97094,,ZERO_RESULTS,851
21.0106911,,ZERO_RESULTS,852
20.3975632,,ZERO_RESULTS,853
20.9383867,,ZERO_RESULTS,854
20.3962476,,ZERO_RESULTS,855
ZERO_RESULTS,,ZERO_RESULTS,856
ZERO_RESULTS,,ZERO_RESULTS,857
21.2916983,,ZERO_RESULTS,858
20.973626,,ZERO_RESULTS,859
20.9706598,,ZERO_RESULTS,860
21.2817192,,ZERO_RESULTS,861
ZERO_RESULTS,,ZERO_RESULTS,862
ZERO_RESULTS,,ZERO_RESULTS,863
20.8408004,,ZERO_RESULTS,864
21.0397211,,ZERO_RESULTS,865
ZERO_RESULTS,,ZERO_RESULTS,866
20.472265,,ZERO_RESULTS,867
ZERO_RESULTS,,ZERO_RESULTS,868
20.6611515,,ZERO_RESULTS,869
20.8173969,,ZERO_RESULTS,870
21.0151879,,ZERO_RESULTS,871
ZERO_RESULTS,,ZERO_RESULTS,872
20.9232483,,ZERO_RESULTS,873
ZERO_RESULTS,,ZERO_RESULTS,874
ZERO_RESULTS,,ZERO_RESULTS,875
21.1002409,,ZERO_RESULTS,876
ZERO_RESULTS,,ZERO_RESULTS,877
21.1076833,,ZERO_RESULTS,878
21.1076833,,ZERO_RESULTS,879
21.0329819,,ZERO_RESULTS,880
ZERO_RESULTS,,ZERO_RESULTS,881
20.4974133,,ZERO_RESULTS,882
ZERO_RESULTS,,ZERO_RESULTS,883
ZERO_RESULTS,,ZERO_RESULTS,884
20.7420348,,ZERO_RESULTS,885
20.6928578,,ZERO_RESULTS,886
20.6928578,,ZERO_RESULTS,887
ZERO_RESULTS,,ZERO_RESULTS,888
21.0240316,,ZERO_RESULTS,889
ZERO_RESULTS,,ZERO_RESULTS,890
20.9915277,,ZERO_RESULTS,891
20.9915277,,ZERO_RESULTS,892
ZERO_RESULTS,,ZERO_RESULTS,893
ZERO_RESULTS,,ZERO_RESULTS,894
20.988722,,ZERO_RESULTS,895
ZERO_RESULTS,,ZERO_RESULTS,896
20.988722,,ZERO_RESULTS,897
20.8772998,,ZERO_RESULTS,898
ZERO_RESULTS,,ZERO_RESULTS,899
20.9955717,,ZERO_RESULTS,900
20.9959911,,ZERO_RESULTS,901
ZERO_RESULTS,,ZERO_RESULTS,902
20.7726904,,ZERO_RESULTS,903
20.7726904,,ZERO_RESULTS,904
20.9858068,,ZERO_RESULTS,905
ZERO_RESULTS,,ZERO_RESULTS,906
ZERO_RESULTS,,ZERO_RESULTS,907
21.0210349,,ZERO_RESULTS,908
21.0216897,,ZERO_RESULTS,909
20.4855818,,ZERO_RESULTS,910
ZERO_RESULTS,,ZERO_RESULTS,911
20.9681013,,ZERO_RESULTS,912
ZERO_RESULTS,,ZERO_RESULTS,913
ZERO_RESULTS,,ZERO_RESULTS,914
ZERO_RESULTS,,ZERO_RESULTS,915
ZERO_RESULTS,,ZERO_RESULTS,916
20.976652,,ZERO_RESULTS,917
20.9257331,,ZERO_RESULTS,918
20.9955717,,ZERO_RESULTS,919
21.0192588,,ZERO_RESULTS,920
21.0187544,,ZERO_RESULTS,921
21.0192588,,ZERO_RESULTS,922
ZERO_RESULTS,,ZERO_RESULTS,923
ZERO_RESULTS,,ZERO_RESULTS,924
ZERO_RESULTS,,ZERO_RESULTS,925
ZERO_RESULTS,,ZERO_RESULTS,926
ZERO_RESULTS,,ZERO_RESULTS,927
ZERO_RESULTS,,ZERO_RESULTS,928
ZERO_RESULTS,,ZERO_RESULTS,929
20.8627013,,ZERO_RESULTS,930
21.0018544,,ZERO_RESULTS,931
21.0070956,,ZERO_RESULTS,932
ZERO_RESULTS,,ZERO_RESULTS,933
21.2854737,,ZERO_RESULTS,934
21.2854737,,ZERO_RESULTS,935
ZERO_RESULTS,,ZERO_RESULTS,936
ZERO_RESULTS,,ZERO_RESULTS,937
ZERO_RESULTS,,ZERO_RESULTS,938
ZERO_RESULTS,,ZERO_RESULTS,939
ZERO_RESULTS,,ZERO_RESULTS,940
20.3935235,,ZERO_RESULTS,941
ZERO_RESULTS,,ZERO_RESULTS,942
20.8750847,,ZERO_RESULTS,943
ZERO_RESULTS,,ZERO_RESULTS,944
20.876496,,ZERO_RESULTS,945
20.876527,,ZERO_RESULTS,946
ZERO_RESULTS,,ZERO_RESULTS,947
20.6992691,,ZERO_RESULTS,948
21.0082461,,ZERO_RESULTS,949
ZERO_RESULTS,,ZERO_RESULTS,950
ZERO_RESULTS,,ZERO_RESULTS,951
20.988564,,ZERO_RESULTS,952
ZERO_RESULTS,,ZERO_RESULTS,953
ZERO_RESULTS,,ZERO_RESULTS,954
ZERO_RESULTS,,ZERO_RESULTS,955
21.2911837,,ZERO_RESULTS,956
20.993776,,ZERO_RESULTS,957
21.0007198,,ZERO_RESULTS,958
ZERO_RESULTS,,ZERO_RESULTS,959
21.2911837,,ZERO_RESULTS,960
20.6909133,,ZERO_RESULTS,961
20.6992691,,ZERO_RESULTS,962
ZERO_RESULTS,,ZERO_RESULTS,963
21.0020798,,ZERO_RESULTS,964
ZERO_RESULTS,,ZERO_RESULTS,965
21.0978686,,ZERO_RESULTS,966
21.0978686,,ZERO_RESULTS,967
ZERO_RESULTS,,ZERO_RESULTS,968
21.0978686,,ZERO_RESULTS,969
21.0978686,,ZERO_RESULTS,970
21.006593,,ZERO_RESULTS,971
21.006593,,ZERO_RESULTS,972
21.006593,,ZERO_RESULTS,973
21.2865407,,ZERO_RESULTS,974
20.9669192,,ZERO_RESULTS,975
ZERO_RESULTS,,ZERO_RESULTS,976
ZERO_RESULTS,,ZERO_RESULTS,977
20.915904,,ZERO_RESULTS,978
20.915904,,ZERO_RESULTS,979
21.1593879,,ZERO_RESULTS,980
ZERO_RESULTS,,ZERO_RESULTS,981
ZERO_RESULTS,,ZERO_RESULTS,982
20.9325228,,ZERO_RESULTS,983
20.9476833,,ZERO_RESULTS,984
21.2995006,,ZERO_RESULTS,985
ZERO_RESULTS,,ZERO_RESULTS,986
ZERO_RESULTS,,ZERO_RESULTS,987
ZERO_RESULTS,,ZERO_RESULTS,988
20.2974348,,ZERO_RESULTS,989
ZERO_RESULTS,,ZERO_RESULTS,990
20.886543,,ZERO_RESULTS,991
ZERO_RESULTS,,ZERO_RESULTS,992
20.9326127,,ZERO_RESULTS,993
20.9855466,,ZERO_RESULTS,994
ZERO_RESULTS,,ZERO_RESULTS,995
ZERO_RESULTS,,ZERO_RESULTS,996
21.2448247,,ZERO_RESULTS,997
ZERO_RESULTS,,ZERO_RESULTS,998
ZERO_RESULTS,,ZERO_RESULTS,999
ZERO_RESULTS,,ZERO_RESULTS,1000
ZERO_RESULTS,,ZERO_RESULTS,1001
ZERO_RESULTS,,ZERO_RESULTS,1002
ZERO_RESULTS,,ZERO_RESULTS,1003
ZERO_RESULTS,,ZERO_RESULTS,1004
ZERO_RESULTS,,ZERO_RESULTS,1005
ZERO_RESULTS,,ZERO_RESULTS,1006
ZERO_RESULTS,,ZERO_RESULTS,1007
21.0070956,,ZERO_RESULTS,1008
ZERO_RESULTS,,ZERO_RESULTS,1009
20.1165841,,ZERO_RESULTS,1010
21.002922,,ZERO_RESULTS,1011
ZERO_RESULTS,,ZERO_RESULTS,1012
20.944887,,ZERO_RESULTS,1013
20.944887,,ZERO_RESULTS,1014
ZERO_RESULTS,,ZERO_RESULTS,1015
21.1967866,,ZERO_RESULTS,1016
21.1967866,,ZERO_RESULTS,1017
20.4550536,,ZERO_RESULTS,1018
ZERO_RESULTS,,ZERO_RESULTS,1019
ZERO_RESULTS,,ZERO_RESULTS,1020
20.9266144,,ZERO_RESULTS,1021
20.9271986,,ZERO_RESULTS,1022
21.0035765,,ZERO_RESULTS,1023
21.2946921,,ZERO_RESULTS,1024
ZERO_RESULTS,,ZERO_RESULTS,1025
21.1524715,,ZERO_RESULTS,1026
21.1565866,,ZERO_RESULTS,1027
21.1563534,,ZERO_RESULTS,1028
ZERO_RESULTS,,ZERO_RESULTS,1029
20.932757,,ZERO_RESULTS,1030
20.9854061,,ZERO_RESULTS,1031
ZERO_RESULTS,,ZERO_RESULTS,1032
20.9476833,,ZERO_RESULTS,1033
21.0049053,,ZERO_RESULTS,1034
20.9522512,,ZERO_RESULTS,1035
ZERO_RESULTS,,ZERO_RESULTS,1036
ZERO_RESULTS,,ZERO_RESULTS,1037
21.022475,,ZERO_RESULTS,1038
21.022475,,ZERO_RESULTS,1039
21.000205,,ZERO_RESULTS,1040
20.9271772,,ZERO_RESULTS,1041
21.0174364,,ZERO_RESULTS,1042
20.6976107,,ZERO_RESULTS,1043
ZERO_RESULTS,,ZERO_RESULTS,1044
20.3933276,,ZERO_RESULTS,1045
21.2850547,,ZERO_RESULTS,1046
ZERO_RESULTS,,ZERO_RESULTS,1047
21.0451415,,ZERO_RESULTS,1048
21.0947005,,ZERO_RESULTS,1049
20.9382699,,ZERO_RESULTS,1050
ZERO_RESULTS,,ZERO_RESULTS,1051
21.1554096,,ZERO_RESULTS,1052
21.1554096,,ZERO_RESULTS,1053
20.9983952,,ZERO_RESULTS,1054
20.9713052,,ZERO_RESULTS,1055
20.9713052,,ZERO_RESULTS,1056
ZERO_RESULTS,,ZERO_RESULTS,1057
20.9149605,,ZERO_RESULTS,1058
20.9149605,,ZERO_RESULTS,1059
ZERO_RESULTS,,ZERO_RESULTS,1060
ZERO_RESULTS,,ZERO_RESULTS,1061
20.9993772,,ZERO_RESULTS,1062
ZERO_RESULTS,,ZERO_RESULTS,1063
ZERO_RESULTS,,ZERO_RESULTS,1064
21.027048,,ZERO_RESULTS,1065
21.027048,,ZERO_RESULTS,1066
20.9447172,,ZERO_RESULTS,1067
20.9296735,,ZERO_RESULTS,1068
20.9296735,,ZERO_RESULTS,1069
20.7847743,,ZERO_RESULTS,1070
20.9774904,,ZERO_RESULTS,1071
ZERO_RESULTS,,ZERO_RESULTS,1072
21.1057793,,ZERO_RESULTS,1073
21.2844977,,ZERO_RESULTS,1074
ZERO_RESULTS,,ZERO_RESULTS,1075
ZERO_RESULTS,,ZERO_RESULTS,1076
21.110508,,ZERO_RESULTS,1077
21.0107614,,ZERO_RESULTS,1078
ZERO_RESULTS,,ZERO_RESULTS,1079
20.8375577,,ZERO_RESULTS,1080
20.8117483,,ZERO_RESULTS,1081
21.0049102,,ZERO_RESULTS,1082
ZERO_RESULTS,,ZERO_RESULTS,1083
ZERO_RESULTS,,ZERO_RESULTS,1084
ZERO_RESULTS,,ZERO_RESULTS,1085
20.934548,,ZERO_RESULTS,1086
21.0918796,,ZERO_RESULTS,1087
ZERO_RESULTS,,ZERO_RESULTS,1088
21.0137296,,ZERO_RESULTS,1089
20.9634245,,ZERO_RESULTS,1090
20.9634245,,ZERO_RESULTS,1091
20.9402943,,ZERO_RESULTS,1092
20.8373714,,ZERO_RESULTS,1093
21.0415111,,ZERO_RESULTS,1094
20.3180992,,ZERO_RESULTS,1095
ZERO_RESULTS,,ZERO_RESULTS,1096
ZERO_RESULTS,,ZERO_RESULTS,1097
ZERO_RESULTS,,ZERO_RESULTS,1098
ZERO_RESULTS,,ZERO_RESULTS,1099
20.9897432,,ZERO_RESULTS,1100
20.1292168,,ZERO_RESULTS,1101
ZERO_RESULTS,,ZERO_RESULTS,1102
20.990827,,ZERO_RESULTS,1103
20.9911353,,ZERO_RESULTS,1104
20.9858552,,ZERO_RESULTS,1105
20.9865309,,ZERO_RESULTS,1106
20.9978031,,ZERO_RESULTS,1107
20.9978031,,ZERO_RESULTS,1108
21.2831485,,ZERO_RESULTS,1109
21.2831485,,ZERO_RESULTS,1110
21.0216834,,ZERO_RESULTS,1111
20.9708131,,ZERO_RESULTS,1112
20.9702994,,ZERO_RESULTS,1113
21.0225322,,ZERO_RESULTS,1114
20.9692018,,ZERO_RESULTS,1115
ZERO_RESULTS,,ZERO_RESULTS,1116
ZERO_RESULTS,,ZERO_RESULTS,1117
20.9845252,,ZERO_RESULTS,1118
20.9335489,,ZERO_RESULTS,1119
20.9335489,,ZERO_RESULTS,1120
21.0402743,,ZERO_RESULTS,1121
21.0014841,,ZERO_RESULTS,1122
ZERO_RESULTS,,ZERO_RESULTS,1123
21.0042515,,ZERO_RESULTS,1124
21.0049388,,ZERO_RESULTS,1125
21.0049388,,ZERO_RESULTS,1126
21.0049388,,ZERO_RESULTS,1127
21.0056886,,ZERO_RESULTS,1128
21.007498,,ZERO_RESULTS,1129
ZERO_RESULTS,,ZERO_RESULTS,1130
21.2834305,,ZERO_RESULTS,1131
21.2834305,,ZERO_RESULTS,1132
ZERO_RESULTS,,ZERO_RESULTS,1133
ZERO_RESULTS,,ZERO_RESULTS,1134
21.3907064,,ZERO_RESULTS,1135
20.9745157,,ZERO_RESULTS,1136
ZERO_RESULTS,,ZERO_RESULTS,1137
ZERO_RESULTS,,ZERO_RESULTS,1138
21.1438134,,ZERO_RESULTS,1139
21.1379659,,ZERO_RESULTS,1140
21.1382777,,ZERO_RESULTS,1141
19.9400592,,ZERO_RESULTS,1142
ZERO_RESULTS,,ZERO_RESULTS,1143
20.6550679,,ZERO_RESULTS,1144
ZERO_RESULTS,,ZERO_RESULTS,1145
ZERO_RESULTS,,ZERO_RESULTS,1146
21.0023233,,ZERO_RESULTS,1147
ZERO_RESULTS,,ZERO_RESULTS,1148
ZERO_RESULTS,,ZERO_RESULTS,1149
ZERO_RESULTS,,ZERO_RESULTS,1150
ZERO_RESULTS,,ZERO_RESULTS,1151
ZERO_RESULTS,,ZERO_RESULTS,1152
20.9996389,,ZERO_RESULTS,1153
20.9714062,,ZERO_RESULTS,1154
ZERO_RESULTS,,ZERO_RESULTS,1155
ZERO_RESULTS,,ZERO_RESULTS,1156
20.4759086,,ZERO_RESULTS,1157
20.9818064,,ZERO_RESULTS,1158
20.9848441,,ZERO_RESULTS,1159
20.9848441,,ZERO_RESULTS,1160
21.0095964,,ZERO_RESULTS,1161
ZERO_RESULTS,,ZERO_RESULTS,1162
21.1469697,,ZERO_RESULTS,1163
ZERO_RESULTS,,ZERO_RESULTS,1164
20.9762235,,ZERO_RESULTS,1165
20.9707696,,ZERO_RESULTS,1166
20.9670402,,ZERO_RESULTS,1167
ZERO_RESULTS,,ZERO_RESULTS,1168
21.1005279,,ZERO_RESULTS,1169
20.2998375,,ZERO_RESULTS,1170
ZERO_RESULTS,,ZERO_RESULTS,1171
20.1945143,,ZERO_RESULTS,1172
ZERO_RESULTS,,ZERO_RESULTS,1173
ZERO_RESULTS,,ZERO_RESULTS,1174
ZERO_RESULTS,,ZERO_RESULTS,1175
21.0042783,,ZERO_RESULTS,1176
ZERO_RESULTS,,ZERO_RESULTS,1177
21.2777193,,ZERO_RESULTS,1178
ZERO_RESULTS,,ZERO_RESULTS,1179
ZERO_RESULTS,,ZERO_RESULTS,1180
ZERO_RESULTS,,ZERO_RESULTS,1181
ZERO_RESULTS,,ZERO_RESULTS,1182
ZERO_RESULTS,,ZERO_RESULTS,1183
ZERO_RESULTS,,ZERO_RESULTS,1184
ZERO_RESULTS,,ZERO_RESULTS,1185
ZERO_RESULTS,,ZERO_RESULTS,1186
20.3912217,,ZERO_RESULTS,1187
21.0151018,,ZERO_RESULTS,1188
ZERO_RESULTS,,ZERO_RESULTS,1189
20.9885708,,ZERO_RESULTS,1190
20.9891258,,ZERO_RESULTS,1191
ZERO_RESULTS,,ZERO_RESULTS,1192
ZERO_RESULTS,,ZERO_RESULTS,1193
21.0254424,,ZERO_RESULTS,1194
21.0254424,,ZERO_RESULTS,1195
21.0254424,,ZERO_RESULTS,1196
ZERO_RESULTS,,ZERO_RESULTS,1197
ZERO_RESULTS,,ZERO_RESULTS,1198
ZERO_RESULTS,,ZERO_RESULTS,1199
20.4699281,,ZERO_RESULTS,1200
21.0181394,,ZERO_RESULTS,1201
20.9399244,,ZERO_RESULTS,1202
21.0318506,,ZERO_RESULTS,1203
20.967988,,ZERO_RESULTS,1204
20.9527524,,ZERO_RESULTS,1205
20.9530849,,ZERO_RESULTS,1206
ZERO_RESULTS,,ZERO_RESULTS,1207
ZERO_RESULTS,,ZERO_RESULTS,1208
20.1262672,,ZERO_RESULTS,1209
ZERO_RESULTS,,ZERO_RESULTS,1210
ZERO_RESULTS,,ZERO_RESULTS,1211
ZERO_RESULTS,,ZERO_RESULTS,1212
20.9677981,,ZERO_RESULTS,1213
20.6898472,,ZERO_RESULTS,1214
20.1344828,,ZERO_RESULTS,1215
ZERO_RESULTS,,ZERO_RESULTS,1216
20.9514577,,ZERO_RESULTS,1217
20.9517405,,ZERO_RESULTS,1218
21.2715092,,ZERO_RESULTS,1219
20.9289891,,ZERO_RESULTS,1220
20.9758152,,ZERO_RESULTS,1221
20.9676033,,ZERO_RESULTS,1222
21.0389737,,ZERO_RESULTS,1223
ZERO_RESULTS,,ZERO_RESULTS,1224
21.279952,,ZERO_RESULTS,1225
21.283586,,ZERO_RESULTS,1226
20.0719367,,ZERO_RESULTS,1227
20.987873,,ZERO_RESULTS,1228
ZERO_RESULTS,,ZERO_RESULTS,1229
20.9681471,,ZERO_RESULTS,1230
21.0034135,,ZERO_RESULTS,1231
ZERO_RESULTS,,ZERO_RESULTS,1232
20.9857376,,,
21.0400779,,,
21.0400779,,,1270
20.9372924,,,
20.9816962,,,
21.1519017,,,
ZERO_RESULTS,,,
ZERO_RESULTS,,,
ZERO_RESULTS,,,
21.3902778,,,
21.0213702,,,
ZERO_RESULTS,,,
ZERO_RESULTS,,,
ZERO_RESULTS,,,
20.6881368,,,
20.4847898,,,
20.9999407,,,
20.9999271,,,
21.0972398,,,
20.934548,,,
20.9560349,,,
20.3047279,,,
ZERO_RESULTS,,,
ZERO_RESULTS,,,
21.2897542,,,
21.2901684,,,
ZERO_RESULTS,,,
ZERO_RESULTS,,,
20.3811803,,,
21.028121,,,
21.028121,,,
ZERO_RESULTS,,,
20.9680926,,,
20.9680926,,,
21.0146977,,,
20.9740176,,,
20.9335262,,,
20.9339913,,,
21.0902707,,,
ZERO_RESULTS,,,
20.9819681,,,
20.9824776,,,
20.9824776,,,
20.9827291,,,
ZERO_RESULTS,,,
21.1303019,,,
21.0183157,,,
20.933864,,,
20.933864,,,
20.9614628,,,
ZERO_RESULTS,,,
ZERO_RESULTS,,,
ZERO_RESULTS,,,
21.0039559,,,
20.9862029,,,
20.9475744,,,
20.9737582,,,
20.972263,,,
20.841508,,,
21.0390326,,,
20.9748823,,,
21.0389737,,,
20.989084,,,
ZERO_RESULTS,,,
21.0378531,,,
20.9363737,,,
21.042846,,,
20.9344051,,,
ZERO_RESULTS,,,
20.6968268,,,
ZERO_RESULTS,,,
20.9797043,,,
21.1567255,,,
20.9825627,,,
20.9825627,,,
20.9644876,,,
21.0049763,,,
21.0049763,,,
ZERO_RESULTS,,,
20.8057614,,,
20.695957,,,
ZERO_RESULTS,,,
ZERO_RESULTS,,,
20.9507917,,,
ZERO_RESULTS,,,
ZERO_RESULTS,,,
ZERO_RESULTS,,,
21.0166625,,,
21.059832,,,
21.059832,,,
ZERO_RESULTS,,,
20.3093745,,,
20.6843356,,,
20.6989837,,,
20.6724076,,,
20.6872096,,,
20.68026,,,
20.6989837,,,
20.6843444,,,
20.6843444,,,
20.6843356,,,
21.020654,,,
21.020654,,,
21.020654,,,
21.0054824,,,
ZERO_RESULTS,,,
20.9743933,,,
20.9425714,,,
ZERO_RESULTS,,,
21.0106354,,,
21.0253331,,,
20.9774438,,,
20.9781014,,,
20.9781014,,,
ZERO_RESULTS,,,
20.2026285,,,
ZERO_RESULTS,,,
ZERO_RESULTS,,,
20.6909133,,,
20.6867177,,,
20.6867177,,,
21.0395337,,,
ZERO_RESULTS,,,
21.0109374,,,
20.9670375,,,
20.966896,,,
20.9776729,,,
20.9776729,,,
20.9792166,,,
ZERO_RESULTS,,,
ZERO_RESULTS,,,
ZERO_RESULTS,,,
21.0108036,,,
21.0418253,,,
21.0418253,,,
20.9290202,,,
20.988404,,,
20.9494074,,,
20.94955,,,
20.1272071,,,
ZERO_RESULTS,,,
20.6807785,,,
20.9946855,,,
20.9946855,,,
20.6886657,,,
21.1412985,,,
21.1412985,,,
21.1394796,,,
20.9571432,,,
20.9505754,,,
20.9337827,,,
ZERO_RESULTS,,,
ZERO_RESULTS,,,
ZERO_RESULTS,,,
ZERO_RESULTS,,,
21.037469,,,
20.3101,,,
20.3101,,,
ZERO_RESULTS,,,
21.0015293,,,
21.0015293,,,
20.9763725,,,
ZERO_RESULTS,,,
21.0038999,,,
20.3020035,,,
20.6807785,,,
ZERO_RESULTS,,,
20.2092488,,,
21.1519205,,,
20.9379207,,,
20.9990768,,,
20.9990768,,,
21.0017796,,,
ZERO_RESULTS,,,
ZERO_RESULTS,,,
20.1187438,,,
20.9196817,,,
20.3075178,,,
ZERO_RESULTS,,,
21.0220399,,,
ZERO_RESULTS,,,
ZERO_RESULTS,,,
20.2083311,,,
20.9755663,,,
20.9746952,,,
21.1507701,,,
20.9715917,,,
20.9935221,,,
20.9680274,,,
ZERO_RESULTS,,,
ZERO_RESULTS,,,
ZERO_RESULTS,,,
ZERO_RESULTS,,,
21.0201057,,,
20.9288851,,,
ZERO_RESULTS,,,
20.9233219,,,
ZERO_RESULTS,,,
20.9230037,,,
ZERO_RESULTS,,,
20.9271819,,,
20.9677415,,,
20.9677415,,,
21.1000219,,,
21.0296793,,,
21.0296793,,,
ZERO_RESULTS,,,
20.9830311,,,
ZERO_RESULTS,,,
ZERO_RESULTS,,,
ZERO_RESULTS,,,
21.1286926,,,
20.9413812,,,
20.9413812,,,
20.9694971,,,
ZERO_RESULTS,,,
ZERO_RESULTS,,,
20.9830658,,,
ZERO_RESULTS,,,
ZERO_RESULTS,,,
20.3087056,,,
20.3086249,,,
ZERO_RESULTS,,,
20.9745791,,,
20.9739677,,,
21.0227197,,,
20.9231703,,,
20.9957732,,,
21.0979058,,,
20.9937659,,,
ZERO_RESULTS,,,
20.9983785,,,
21.0296793,,,
20.9547173,,,
20.9547173,,,
21.0370961,,,
20.9375359,,,
ZERO_RESULTS,,,
ZERO_RESULTS,,,
ZERO_RESULTS,,,
ZERO_RESULTS,,,
ZERO_RESULTS,,,
21.0342772,,,
21.0348396,,,
20.6785462,,,
20.6802165,,,
21.0365492,,,
21.0365492,,,
ZERO_RESULTS,,,
ZERO_RESULTS,,,
ZERO_RESULTS,,,
ZERO_RESULTS,,,
ZERO_RESULTS,,,
ZERO_RESULTS,,,
ZERO_RESULTS,,,
21.0152504,,,
21.0109998,,,
ZERO_RESULTS,,,
21.031713,,,
ZERO_RESULTS,,,
21.031713,,,
ZERO_RESULTS,,,
20.9996546,,,
ZERO_RESULTS,,,
ZERO_RESULTS,,,
ZERO_RESULTS,,,
20.97495,,,
20.9749816,,,
20.9749816,,,
20.9749816,,,
ZERO_RESULTS,,,
ZERO_RESULTS,,,
21.0008969,,,
ZERO_RESULTS,,,
ZERO_RESULTS,,,
ZERO_RESULTS,,,
ZERO_RESULTS,,,
ZERO_RESULTS,,,
ZERO_RESULTS,,,
ZERO_RESULTS,,,
20.938118,,,
20.9670372,,,
20.9921428,,,
ZERO_RESULTS,,,
21.0402871,,,
21.0399874,,,
20.2102743,,,
21.0327249,,,
20.9908679,,,
20.9908679,,,
21.1554739,,,
21.1554739,,,
21.1438134,,,
20.9776729,,,
20.9733685,,,
20.9733685,,,
20.9733685,,,
20.3114884,,,
20.3010922,,,
20.9317418,,,
ZERO_RESULTS,,,
ZERO_RESULTS,,,
ZERO_RESULTS,,,
20.9360688,,,
20.9714715,,,
ZERO_RESULTS,,,
20.2031298,,,
ZERO_RESULTS,,,
21.0310754,,,
ZERO_RESULTS,,,
21.1461366,,,
21.1461738,,,
21.1461738,,,
ZERO_RESULTS,,,
ZERO_RESULTS,,,
20.9712433,,,
20.9712433,,,
20.97,,,
21.0201809,,,
20.8194688,,,
ZERO_RESULTS,,,
21.1238244,,,
20.3066173,,,
20.3066173,,,
20.3066173,,,
21.1440403,,,
20.9785479,,,
20.9585165,,,
20.9585165,,,
20.9585031,,,
20.9311921,,,
ZERO_RESULTS,,,
20.1971271,,,
ZERO_RESULTS,,,
ZERO_RESULTS,,,
20.95957,,,
20.9637985,,,
21.0298733,,,
21.0294482,,,
21.0308276,,,
21.0314556,,,
21.0308276,,,
ZERO_RESULTS,,,
21.0299322,,,
21.028207,,,
21.028207,,,
20.2119444,,,
ZERO_RESULTS,,,
ZERO_RESULTS,,,
20.6817312,,,
20.972848,,,
21.0304314,,,
20.9709917,,,
20.970953,,,
20.9715532,,,
20.9711053,,,
20.9943302,,,
ZERO_RESULTS,,,
ZERO_RESULTS,,,
ZERO_RESULTS,,,
20.3053415,,,
20.6890364,,,
ZERO_RESULTS,,,
20.937686,,,
20.9688452,,,
20.9688452,,,
20.9688452,,,
20.959051,,,
20.9475034,,,
20.9693993,,,
20.969368,,,
ZERO_RESULTS,,,
20.2033395,,,
20.202486,,,
20.2077397,,,
20.2077397,,,
21.0293387,,,
20.9693752,,,
20.9698626,,,
20.9699891,,,
20.9699891,,,
20.9241375,,,
20.9140945,,,
20.3064743,,,
20.9878187,,,
20.987116,,,
20.987116,,,
20.9899117,,,
ZERO_RESULTS,,,
21.2098021,,,
ZERO_RESULTS,,,
21.2091544,,,
ZERO_RESULTS,,,
21.2873656,,,
20.9683536,,,
ZERO_RESULTS,,,
20.9665541,,,
ZERO_RESULTS,,,
20.9656822,,,
ZERO_RESULTS,,,
21.0233828,,,
ZERO_RESULTS,,,
ZERO_RESULTS,,,
ZERO_RESULTS,,,
20.9685324,,,
ZERO_RESULTS,,,
20.9686981,,,
20.9686981,,,
20.9526588,,,
20.9526588,,,
20.9954277,,,
ZERO_RESULTS,,,
20.2969923,,,
20.9674714,,,
ZERO_RESULTS,,,
ZERO_RESULTS,,,
21.0337416,,,
20.9899117,,,
20.9899117,,,
ZERO_RESULTS,,,
21.021727,,,
20.9656029,,,
20.958058,,,
20.9698263,,,
20.9299919,,,
ZERO_RESULTS,,,
20.9695389,,,
ZERO_RESULTS,,,
ZERO_RESULTS,,,
ZERO_RESULTS,,,
21.1391509,,,
21.1391509,,,
20.9701886,,,
20.9697357,,,
20.9705853,,,
20.9949375,,,
21.069449,,,
20.9963572,,,
ZERO_RESULTS,,,
20.9656085,,,
20.9656085,,,
21.0695723,,,
21.030813,,,
ZERO_RESULTS,,,
20.9908482,,,
20.995582,,,
ZERO_RESULTS,,,
ZERO_RESULTS,,,
ZERO_RESULTS,,,
20.9727097,,,
20.9794751,,,
20.97,,,
21.0266345,,,
20.9345677,,,
20.9803246,,,
20.9803246,,,
20.9794488,,,
20.9656029,,,
ZERO_RESULTS,,,
20.958058,,,
20.958058,,,
20.9475744,,,
20.9470231,,,
20.9470231,,,
20.9470231,,,
20.9401618,,,
20.9376293,,,
20.9376293,,,
20.9372234,,,
20.9890464,,,
ZERO_RESULTS,,,
ZERO_RESULTS,,,
20.9676746,,,
ZERO_RESULTS,,,
ZERO_RESULTS,,,
ZERO_RESULTS,,,
ZERO_RESULTS,,,
21.0639407,,,
21.0632336,,,
20.1971535,,,
21.0344999,,,
ZERO_RESULTS,,,
20.9646646,,,
20.9847589,,,
21.1356375,,,
20.9646824,,,
20.9646824,,,
20.9646925,,,
20.9647991,,,
20.9647073,,,
ZERO_RESULTS,,,
20.9695493,,,
ZERO_RESULTS,,,
20.9835464,,,
21.2808269,,,
ZERO_RESULTS,,,
20.7053152,,,
20.977143,,,
20.9613785,,,
20.9620911,,,
20.9592742,,,
20.9575175,,,
20.9545249,,,
20.9629831,,,
21.1375672,,,
21.1375672,,,
20.9634466,,,
20.9677415,,,
ZERO_RESULTS,,,
20.967473,,,
20.9669548,,,
20.9672691,,,
20.8953007,,,
ZERO_RESULTS,,,
ZERO_RESULTS,,,
ZERO_RESULTS,,,
ZERO_RESULTS,,,
20.9164985,,,
ZERO_RESULTS,,,
ZERO_RESULTS,,,
ZERO_RESULTS,,,
20.9448923,,,
ZERO_RESULTS,,,
ZERO_RESULTS,,,
20.9163159,,,
20.9779943,,,
20.969793,,,
20.969793,,,
20.9610152,,,
20.9572659,,,
20.9370508,,,
20.9368204,,,
20.9368204,,,
ZERO_RESULTS,,,
20.9638353,,,
20.9638353,,,
20.9597483,,,
ZERO_RESULTS,,,
20.9608096,,,
20.9629236,,,
20.9635155,,,
ZERO_RESULTS,,,
21.0164953,,,
ZERO_RESULTS,,,
ZERO_RESULTS,,,
20.9610397,,,
20.9658801,,,
20.9621668,,,
ZERO_RESULTS,,,
20.9636215,,,
20.9670167,,,
20.9670248,,,
20.9641763,,,
ZERO_RESULTS,,,
20.9253023,,,
ZERO_RESULTS,,,
21.2873656,,,
20.969793,,,
20.959891,,,
20.9598906,,,
20.9598906,,,
20.956652,,,
20.956652,,,
20.9431951,,,
20.9630657,,,
20.961938,,,
20.9583506,,,
20.9802431,,,
ZERO_RESULTS,,,
20.9788649,,,
21.0049763,,,
21.0049763,,,
20.9602138,,,
20.992454,,,
20.9617069,,,
20.2927056,,,
ZERO_RESULTS,,,
ZERO_RESULTS,,,
ZERO_RESULTS,,,
20.9520553,,,
20.9530103,,,
20.9530103,,,
ZERO_RESULTS,,,
ZERO_RESULTS,,,
ZERO_RESULTS,,,
20.9534777,,,
20.9534777,,,
20.9502663,,,
20.9464411,,,
20.9580333,,,
20.9593474,,,
20.9613294,,,
ZERO_RESULTS,,,
ZERO_RESULTS,,,
ZERO_RESULTS,,,
ZERO_RESULTS,,,
ZERO_RESULTS,,,
ZERO_RESULTS,,,
21.0304811,,,
21.0248812,,,
21.0041031,,,
ZERO_RESULTS,,,
ZERO_RESULTS,,,
ZERO_RESULTS,,,
ZERO_RESULTS,,,
ZERO_RESULTS,,,
21.1472581,,,
21.0047598,,,
21.0047598,,,
20.9545784,,,
20.9728187,,,
20.9438352,,,
20.9770962,,,
20.9845839,,,
20.9719269,,,
ZERO_RESULTS,,,
20.9693642,,,
20.9693642,,,
ZERO_RESULTS,,,
20.9584805,,,
20.9591537,,,
20.9386162,,,
21.0321144,,,
20.95762,,,
20.9563809,,,
20.9377003,,,
20.9555045,,,
ZERO_RESULTS,,,
21.2849603,,,
21.2849603,,,
21.2849603,,,
ZERO_RESULTS,,,
ZERO_RESULTS,,,
20.9614897,,,
20.9614897,,,
20.9614897,,,
20.959573,,,
20.9601838,,,
20.9532653,,,
ZERO_RESULTS,,,
20.9985282,,,
20.9594777,,,
20.959573,,,
20.959573,,,
20.959701,,,
21.0006623,,,
21.0006623,,,
20.9219718,,,
20.9219718,,,
20.9516609,,,
20.951989,,,
20.951989,,,
ZERO_RESULTS,,,
ZERO_RESULTS,,,
ZERO_RESULTS,,,
20.6809946,,,
ZERO_RESULTS,,,
20.9563133,,,
ZERO_RESULTS,,,
21.283257,,,
ZERO_RESULTS,,,
ZERO_RESULTS,,,
ZERO_RESULTS,,,
ZERO_RESULTS,,,
ZERO_RESULTS,,,
21.0200343,,,
21.0244981,,,
ZERO_RESULTS,,,
ZERO_RESULTS,,,
ZERO_RESULTS,,,
20.9545791,,,
20.9544949,,,
ZERO_RESULTS,,,
ZERO_RESULTS,,,
ZERO_RESULTS,,,
ZERO_RESULTS,,,
ZERO_RESULTS,,,
ZERO_RESULTS,,,
ZERO_RESULTS,,,
20.9717656,,,
20.925071,,,
20.9468116,,,
20.9468116,,,
20.9468116,,,
21.1266088,,,
21.1264985,,,
20.9466793,,,
20.9534966,,,
21.2837474,,,
20.946337,,,
20.9570507,,,
20.9570507,,,
20.9511136,,,
21.2788213,,,
ZERO_RESULTS,,,
20.9784286,,,
ZERO_RESULTS,,,
20.9377003,,,
20.9419042,,,
20.9419042,,,
ZERO_RESULTS,,,
20.9781014,,,
ZERO_RESULTS,,,
20.9643249,,,
20.93909,,,
20.9392315,,,
20.9501536,,,
ZERO_RESULTS,,,
20.8905005,,,
20.9503078,,,
21.2796584,,,
ZERO_RESULTS,,,
21.0280355,,,
20.1370198,,,
20.1370198,,,
20.4099788,,,
ZERO_RESULTS,,,
ZERO_RESULTS,,,
ZERO_RESULTS,,,
ZERO_RESULTS,,,
21.0052298,,,
21.2528494,,,
ZERO_RESULTS,,,
ZERO_RESULTS,,,
ZERO_RESULTS,,,
ZERO_RESULTS,,,
21.0193886,,,
20.9472994,,,
20.9248699,,,
21.0459941,,,
20.9483851,,,
20.9461251,,,
20.9461875,,,
20.9230777,,,
21.283257,,,
ZERO_RESULTS,,,
ZERO_RESULTS,,,
20.9630067,,,
ZERO_RESULTS,,,
ZERO_RESULTS,,,
20.9469801,,,
20.9448995,,,
20.9964181,,,
20.9964181,,,
20.9964181,,,
20.9964181,,,
20.9511249,,,
20.9479176,,,
20.9454221,,,
20.9443997,,,
20.9957878,,,
20.9911353,,,
20.9434229,,,
ZERO_RESULTS,,,
ZERO_RESULTS,,,
ZERO_RESULTS,,,
ZERO_RESULTS,,,
ZERO_RESULTS,,,
ZERO_RESULTS,,,
ZERO_RESULTS,,,
ZERO_RESULTS,,,
ZERO_RESULTS,,,
ZERO_RESULTS,,,
ZERO_RESULTS,,,
ZERO_RESULTS,,,
20.6296289,,,
ZERO_RESULTS,,,
ZERO_RESULTS,,,
ZERO_RESULTS,,,
20.9533028,,,
21.0380238,,,
21.0380238,,,
ZERO_RESULTS,,,
21.0374306,,,
ZERO_RESULTS,,,
ZERO_RESULTS,,,
ZERO_RESULTS,,,
ZERO_RESULTS,,,
ZERO_RESULTS,,,
ZERO_RESULTS,,,
21.0573887,,,
21.0573887,,,
ZERO_RESULTS,,,
ZERO_RESULTS,,,
ZERO_RESULTS,,,
21.052785,,,
21.052785,,,
21.052785,,,
21.0094888,,,
21.0094888,,,
ZERO_RESULTS,,,
ZERO_RESULTS,,,
ZERO_RESULTS,,,
ZERO_RESULTS,,,
ZERO_RESULTS,,,
ZERO_RESULTS,,,
20.8107266,,,
ZERO_RESULTS,,,
ZERO_RESULTS,,,
ZERO_RESULTS,,,
ZERO_RESULTS,,,
ZERO_RESULTS,,,
ZERO_RESULTS,,,
ZERO_RESULTS,,,
ZERO_RESULTS,,,
ZERO_RESULTS,,,
ZERO_RESULTS,,,
ZERO_RESULTS,,,
ZERO_RESULTS,,,
ZERO_RESULTS,,,
ZERO_RESULTS,,,
ZERO_RESULTS,,,
ZERO_RESULTS,,,
ZERO_RESULTS,,,
20.941224,,,
ZERO_RESULTS,,,
ZERO_RESULTS,,,
ZERO_RESULTS,,,
ZERO_RESULTS,,,
20.9946437,,,
21.0279674,,,
21.0326287,,,
ZERO_RESULTS,,,
20.9693993,,,
ZERO_RESULTS,,,
ZERO_RESULTS,,,
ZERO_RESULTS,,,
ZERO_RESULTS,,,
ZERO_RESULTS,,,
ZERO_RESULTS,,,
ZERO_RESULTS,,,
ZERO_RESULTS,,,
ZERO_RESULTS,,,
ZERO_RESULTS,,,
ZERO_RESULTS,,,
ZERO_RESULTS,,,
ZERO_RESULTS,,,
ZERO_RESULTS,,,
ZERO_RESULTS,,,
ZERO_RESULTS,,,
ZERO_RESULTS,,,
ZERO_RESULTS,,,
ZERO_RESULTS,,,
ZERO_RESULTS,,,
ZERO_RESULTS,,,
ZERO_RESULTS,,,
ZERO_RESULTS,,,
ZERO_RESULTS,,,
ZERO_RESULTS,,,
ZERO_RESULTS,,,
ZERO_RESULTS,,,
ZERO_RESULTS,,,
ZERO_RESULTS,,,
ZERO_RESULTS,,,
21.1499081,,,
ZERO_RESULTS,,,
ZERO_RESULTS,,,
ZERO_RESULTS,,,
ZERO_RESULTS,,,
ZERO_RESULTS,,,
ZERO_RESULTS,,,
ZERO_RESULTS,,,
ZERO_RESULTS,,,
ZERO_RESULTS,,,
ZERO_RESULTS,,,
ZERO_RESULTS,,,
21.040405,,,
21.040405,,,
ZERO_RESULTS,,,
ZERO_RESULTS,,,
ZERO_RESULTS,,,
ZERO_RESULTS,,,
ZERO_RESULTS,,,
ZERO_RESULTS,,,
ZERO_RESULTS,,,
20.7323201,,,
ZERO_RESULTS,,,
ZERO_RESULTS,,,
ZERO_RESULTS,,,
ZERO_RESULTS,,,
ZERO_RESULTS,,,
ZERO_RESULTS,,,
ZERO_RESULTS,,,
ZERO_RESULTS,,,
ZERO_RESULTS,,,
ZERO_RESULTS,,,
ZERO_RESULTS,,,
ZERO_RESULTS,,,
ZERO_RESULTS,,,
20.8750823,,,
ZERO_RESULTS,,,
ZERO_RESULTS,,,
ZERO_RESULTS,,,
ZERO_RESULTS,,,
ZERO_RESULTS,,,
ZERO_RESULTS,,,
ZERO_RESULTS,,,
ZERO_RESULTS,,,
ZERO_RESULTS,,,
ZERO_RESULTS,,,
ZERO_RESULTS,,,
ZERO_RESULTS,,,
ZERO_RESULTS,,,
ZERO_RESULTS,,,
ZERO_RESULTS,,,
ZERO_RESULTS,,,
ZERO_RESULTS,,,
ZERO_RESULTS,,,
ZERO_RESULTS,,,
ZERO_RESULTS,,,
20.8314192,,,
ZERO_RESULTS,,,
ZERO_RESULTS,,,
ZERO_RESULTS,,,
ZERO_RESULTS,,,
ZERO_RESULTS,,,
ZERO_RESULTS,,,
20.8313791,,,
ZERO_RESULTS,,,
20.8884366,,,
ZERO_RESULTS,,,
ZERO_RESULTS,,,
ZERO_RESULTS,,,
ZERO_RESULTS,,,
ZERO_RESULTS,,,
ZERO_RESULTS,,,
ZERO_RESULTS,,,
ZERO_RESULTS,,,
ZERO_RESULTS,,,
ZERO_RESULTS,,,
ZERO_RESULTS,,,
ZERO_RESULTS,,,
ZERO_RESULTS,,,
ZERO_RESULTS,,,
ZERO_RESULTS,,,
ZERO_RESULTS,,,
ZERO_RESULTS,,,
ZERO_RESULTS,,,
ZERO_RESULTS,,,
ZERO_RESULTS,,,
21.2470495,,,
ZERO_RESULTS,,,
ZERO_RESULTS,,,
ZERO_RESULTS,,,
ZERO_RESULTS,,,
ZERO_RESULTS,,,
ZERO_RESULTS,,,
ZERO_RESULTS,,,
ZERO_RESULTS,,,
ZERO_RESULTS,,,
ZERO_RESULTS,,,
ZERO_RESULTS,,,
ZERO_RESULTS,,,
ZERO_RESULTS,,,
ZERO_RESULTS,,,
ZERO_RESULTS,,,
ZERO_RESULTS,,,
ZERO_RESULTS,,,
ZERO_RESULTS,,,
21.0833695,,,
21.0833695,,,
21.0833695,,,
21.0504923,,,
ZERO_RESULTS,,,
ZERO_RESULTS,,,
ZERO_RESULTS,,,
ZERO_RESULTS,,,
ZERO_RESULTS,,,
ZERO_RESULTS,,,
ZERO_RESULTS,,,
ZERO_RESULTS,,,
20.7615545,,,
ZERO_RESULTS,,,
ZERO_RESULTS,,,
ZERO_RESULTS,,,
ZERO_RESULTS,,,
ZERO_RESULTS,,,
ZERO_RESULTS,,,
ZERO_RESULTS,,,
ZERO_RESULTS,,,
ZERO_RESULTS,,,
ZERO_RESULTS,,,
ZERO_RESULTS,,,
ZERO_RESULTS,,,
ZERO_RESULTS,,,
ZERO_RESULTS,,,
ZERO_RESULTS,,,
ZERO_RESULTS,,,
ZERO_RESULTS,,,
ZERO_RESULTS,,,
ZERO_RESULTS,,,
ZERO_RESULTS,,,
ZERO_RESULTS,,,
ZERO_RESULTS,,,
ZERO_RESULTS,,,
ZERO_RESULTS,,,
ZERO_RESULTS,,,
ZERO_RESULTS,,,
ZERO_RESULTS,,,
ZERO_RESULTS,,,
ZERO_RESULTS,,,
ZERO_RESULTS,,,
ZERO_RESULTS,,,
ZERO_RESULTS,,,
ZERO_RESULTS,,,
ZERO_RESULTS,,,
ZERO_RESULTS,,,
ZERO_RESULTS,,,
ZERO_RESULTS,,,
ZERO_RESULTS,,,
ZERO_RESULTS,,,
ZERO_RESULTS,,,
ZERO_RESULTS,,,
ZERO_RESULTS,,,
ZERO_RESULTS,,,
ZERO_RESULTS,,,
ZERO_RESULTS,,,
ZERO_RESULTS,,,
ZERO_RESULTS,,,
ZERO_RESULTS,,,
20.8589236,,,
ZERO_RESULTS,,,
ZERO_RESULTS,,,
ZERO_RESULTS,,,
ZERO_RESULTS,,,
ZERO_RESULTS,,,
ZERO_RESULTS,,,
ZERO_RESULTS,,,
ZERO_RESULTS,,,
ZERO_RESULTS,,,
ZERO_RESULTS,,,
ZERO_RESULTS,,,
ZERO_RESULTS,,,
ZERO_RESULTS,,,
ZERO_RESULTS,,,
ZERO_RESULTS,,,
ZERO_RESULTS,,,
ZERO_RESULTS,,,
ZERO_RESULTS,,,
20.8566002,,,
ZERO_RESULTS,,,
ZERO_RESULTS,,,
ZERO_RESULTS,,,
ZERO_RESULTS,,,
ZERO_RESULTS,,,
ZERO_RESULTS,,,
ZERO_RESULTS,,,
20.7688857,,,
ZERO_RESULTS,,,
ZERO_RESULTS,,,
ZERO_RESULTS,,,
ZERO_RESULTS,,,
20.5021757,,,
ZERO_RESULTS,,,
ZERO_RESULTS,,,
ZERO_RESULTS,,,
ZERO_RESULTS,,,
ZERO_RESULTS,,,
ZERO_RESULTS,,,
ZERO_RESULTS,,,
ZERO_RESULTS,,,
ZERO_RESULTS,,,
ZERO_RESULTS,,,
ZERO_RESULTS,,,
ZERO_RESULTS,,,
ZERO_RESULTS,,,
ZERO_RESULTS,,,
ZERO_RESULTS,,,
ZERO_RESULTS,,,
ZERO_RESULTS,,,
ZERO_RESULTS,,,
ZERO_RESULTS,,,
ZERO_RESULTS,,,
ZERO_RESULTS,,,
ZERO_RESULTS,,,
ZERO_RESULTS,,,
ZERO_RESULTS,,,
ZERO_RESULTS,,,
ZERO_RESULTS,,,
ZERO_RESULTS,,,
ZERO_RESULTS,,,
ZERO_RESULTS,,,
ZERO_RESULTS,,,
ZERO_RESULTS,,,
ZERO_RESULTS,,,
ZERO_RESULTS,,,
ZERO_RESULTS,,,
ZERO_RESULTS,,,
ZERO_RESULTS,,,
ZERO_RESULTS,,,
ZERO_RESULTS,,,
ZERO_RESULTS,,,
ZERO_RESULTS,,,
ZERO_RESULTS,,,
ZERO_RESULTS,,,
ZERO_RESULTS,,,
ZERO_RESULTS,,,
ZERO_RESULTS,,,
ZERO_RESULTS,,,
ZERO_RESULTS,,,
ZERO_RESULTS,,,
ZERO_RESULTS,,,
ZERO_RESULTS,,,
ZERO_RESULTS,,,
ZERO_RESULTS,,,
ZERO_RESULTS,,,
ZERO_RESULTS,,,
ZERO_RESULTS,,,
ZERO_RESULTS,,,
ZERO_RESULTS,,,
ZERO_RESULTS,,,
ZERO_RESULTS,,,
ZERO_RESULTS,,,
ZERO_RESULTS,,,
ZERO_RESULTS,,,
ZERO_RESULTS,,,
ZERO_RESULTS,,,
ZERO_RESULTS,,,
ZERO_RESULTS,,,
ZERO_RESULTS,,,
ZERO_RESULTS,,,
ZERO_RESULTS,,,
ZERO_RESULTS,,,
ZERO_RESULTS,,,
ZERO_RESULTS,,,
ZERO_RESULTS,,,
ZERO_RESULTS,,,
ZERO_RESULTS,,,
ZERO_RESULTS,,,
ZERO_RESULTS,,,
ZERO_RESULTS,,,
20.7677438,,,
ZERO_RESULTS,,,
ZERO_RESULTS,,,
ZERO_RESULTS,,,
ZERO_RESULTS,,,
ZERO_RESULTS,,,
ZERO_RESULTS,,,
ZERO_RESULTS,,,
ZERO_RESULTS,,,
ZERO_RESULTS,,,
ZERO_RESULTS,,,
ZERO_RESULTS,,,
ZERO_RESULTS,,,
ZERO_RESULTS,,,
ZERO_RESULTS,,,
ZERO_RESULTS,,,
ZERO_RESULTS,,,
ZERO_RESULTS,,,
ZERO_RESULTS,,,
ZERO_RESULTS,,,
ZERO_RESULTS,,,
ZERO_RESULTS,,,
ZERO_RESULTS,,,
ZERO_RESULTS,,,
ZERO_RESULTS,,,
ZERO_RESULTS,,,
ZERO_RESULTS,,,
ZERO_RESULTS,,,
ZERO_RESULTS,,,
ZERO_RESULTS,,,
ZERO_RESULTS,,,
ZERO_RESULTS,,,
ZERO_RESULTS,,,
ZERO_RESULTS,,,
ZERO_RESULTS,,,
ZERO_RESULTS,,,
ZERO_RESULTS,,,
ZERO_RESULTS,,,
ZERO_RESULTS,,,
ZERO_RESULTS,,,
ZERO_RESULTS,,,
ZERO_RESULTS,,,
ZERO_RESULTS,,,
20.6368664,,,
ZERO_RESULTS,,,
20.6399898,,,
ZERO_RESULTS,,,
ZERO_RESULTS,,,
ZERO_RESULTS,,,
20.9343609,,,
20.9644432,,,
ZERO_RESULTS,,,
ZERO_RESULTS,,,
20.935172,,,
20.935172,,,
ZERO_RESULTS,,,
20.8887185,,,
20.9498302,,,
ZERO_RESULTS,,,
ZERO_RESULTS,,,
20.9441486,,,
ZERO_RESULTS,,,
ZERO_RESULTS,,,
ZERO_RESULTS,,,
20.6214393,,,
ZERO_RESULTS,,,
ZERO_RESULTS,,,
ZERO_RESULTS,,,
ZERO_RESULTS,,,
ZERO_RESULTS,,,
ZERO_RESULTS,,,
ZERO_RESULTS,,,
ZERO_RESULTS,,,
ZERO_RESULTS,,,
ZERO_RESULTS,,,
ZERO_RESULTS,,,
ZERO_RESULTS,,,
ZERO_RESULTS,,,
ZERO_RESULTS,,,
ZERO_RESULTS,,,
ZERO_RESULTS,,,
ZERO_RESULTS,,,
ZERO_RESULTS,,,
ZERO_RESULTS,,,
ZERO_RESULTS,,,
20.704444,,,
ZERO_RESULTS,,,
ZERO_RESULTS,,,
ZERO_RESULTS,,,
ZERO_RESULTS,,,
ZERO_RESULTS,,,
ZERO_RESULTS,,,
ZERO_RESULTS,,,
ZERO_RESULTS,,,
ZERO_RESULTS,,,
ZERO_RESULTS,,,
ZERO_RESULTS,,,
ZERO_RESULTS,,,
ZERO_RESULTS,,,
ZERO_RESULTS,,,
ZERO_RESULTS,,,
ZERO_RESULTS,,,
ZERO_RESULTS,,,
ZERO_RESULTS,,,
ZERO_RESULTS,,,
ZERO_RESULTS,,,
ZERO_RESULTS,,,
ZERO_RESULTS,,,
ZERO_RESULTS,,,
20.9979343,,,
21.0462157,,,
20.3766493,,,
21.0475563,,,
21.030813,,,
21.113698,,,
ZERO_RESULTS,,,
ZERO_RESULTS,,,
ZERO_RESULTS,,,
ZERO_RESULTS,,,
ZERO_RESULTS,,,
ZERO_RESULTS,,,
ZERO_RESULTS,,,
ZERO_RESULTS,,,
ZERO_RESULTS,,,
ZERO_RESULTS,,,
20.863994,,,
20.880105,,,
ZERO_RESULTS,,,
ZERO_RESULTS,,,
ZERO_RESULTS,,,
ZERO_RESULTS,,,
ZERO_RESULTS,,,
21.0475563,,,
ZERO_RESULTS,,,
20.9673702,,,
20.9448093,,,
ZERO_RESULTS,,,
21.0758053,,,
ZERO_RESULTS,,,
